ID,Delivery_person_ID,Delivery_person_Age,Delivery_person_Ratings,Weather,Road_traffic_density,Vehicle_condition,Type_of_order,Type_of_vehicle,multiple_deliveries,Festival,City,Time_taken(min),Distance_km,Prep_Time_min,Order_Hour
0x4607_x,INDORES13DEL02,37,4.9,Sunny,High,2,Snack,scooter,0,1,Metropolitian,24.0,3.0251492856775037,15.0,11
0xb379_x,BANGRES18DEL02,34,4.5,Stormy,Jam,2,Snack,bicycle,1,1,Semi-Urban,33.0,20.183529728733618,5.0,19
0x20f7_x,BANGRES18DEL01,37,4.4,Windy,High,0,Buffet,scooter,2,1,Semi-Urban,42.0,6.21086415606354,5.0,13
0x7804_x,HYDRES13DEL02,28,4.9,Sandstorms,Low,1,Meal,bicycle,1,1,Metropolitian,19.0,3.0736184684147863,15.0,11
0x7faf_x,RANCHIRES07DEL01,37,4.6,Stormy,Low,0,Meal,scooter,1,1,Semi-Urban,25.0,10.56497410160339,10.0,23
0x5218_x,BANGRES02DEL02,20,4.7,Sunny,Medium,1,Drinks,bicycle,0,1,Semi-Urban,14.0,20.18126391655723,10.0,18
0xcafe_x,ALHRES13DEL02,32,4.8,Stormy,Low,2,Buffet,bicycle,1,1,Metropolitian,29.0,19.471476176410082,10.0,22
0x8c03_x,COIMBRES09DEL01,34,5.0,Sandstorms,Medium,1,Buffet,scooter,1,1,Metropolitian,22.0,10.90628903651029,15.0,18
0xceec_x,KNPRES04DEL03,37,4.6,Fog,Medium,0,Buffet,scooter,1,1,Semi-Urban,28.0,4.476870823146776,10.0,17
0x38c6_x,JAPRES11DEL01,24,4.8,Windy,High,2,Meal,motorcycle,0,1,Metropolitian,12.0,5.959018323622379,5.0,13
0x5d6d,BANGRES19DEL01,23,4.4,Sandstorms,Low,0,Drinks,scooter,1,1,Metropolitian,26.0,1.5527578022548725,15.0,8
0xfb5,VADRES05DEL01,23,4.2,Stormy,Medium,0,Buffet,scooter,1,1,Metropolitian,35.0,10.602497166339631,5.0,18
0xa4a2,COIMBRES010DEL03,34,4.8,Stormy,Low,2,Meal,motorcycle,1,1,Semi-Urban,27.0,14.022268860182423,5.0,23
0x81ae,PUNERES17DEL03,22,4.7,Sunny,Low,2,Drinks,bicycle,0,1,Metropolitian,22.0,4.596738270616882,5.0,23
0x61d6,JAPRES08DEL03,27,4.9,Fog,Low,1,Meal,scooter,0,1,Semi-Urban,29.0,13.406088270680275,5.0,22
0xa40f,JAPRES13DEL03,29,4.7,Sandstorms,Low,2,Snack,bicycle,1,1,Semi-Urban,14.0,13.409462339213027,15.0,23
0xcbcc,DEHRES010DEL01,20,4.9,Sandstorms,Low,2,Drinks,motorcycle,0,1,Metropolitian,15.0,10.280572823486576,5.0,22
0x6c5c,HYDRES02DEL01,35,4.3,Windy,High,1,Snack,scooter,1,1,Metropolitian,34.0,6.147383751705428,5.0,14
0x2188,MYSRES13DEL02,38,4.6,Stormy,Low,1,Buffet,scooter,0,1,Metropolitian,18.0,12.435540495461442,10.0,22
0x84eb,CHENRES16DEL03,29,4.9,Fog,Medium,2,Buffet,scooter,1,1,Semi-Urban,14.0,4.65694538594946,15.0,17
0x8999,SURRES13DEL01,28,4.6,Stormy,Medium,1,Snack,scooter,0,1,Semi-Urban,27.0,6.081204324626466,5.0,15
0xd486,LUDHRES09DEL02,29,4.9,Stormy,Low,1,Snack,scooter,0,1,Metropolitian,10.0,7.325604384960364,10.0,23
0x6192,RANCHIRES010DEL03,30,4.7,Sunny,Medium,1,Buffet,bicycle,0,1,Semi-Urban,15.0,4.528236597449021,1360.0,20
0x394e,SURRES18DEL03,39,4.6,Sunny,Jam,0,Meal,scooter,1,1,Metropolitian,28.0,13.682504886916606,15.0,19
0x1341,INDORES09DEL02,32,5.0,Windy,Medium,2,Snack,bicycle,1,1,Semi-Urban,20.0,12.10015723816894,5.0,17
0x8bdb,HYDRES12DEL03,21,4.9,Windy,Medium,2,Meal,motorcycle,1,1,Semi-Urban,23.0,9.220418694558179,5.0,17
0x7a0e,HYDRES17DEL01,27,4.7,Windy,Jam,1,Buffet,bicycle,1,1,Semi-Urban,28.0,10.756383853403822,10.0,19
0x3175,JAPRES19DEL02,33,4.8,Stormy,Medium,2,Drinks,bicycle,1,1,Semi-Urban,27.0,7.448311138215936,5.0,17
0xc54a,LUDHRES08DEL03,29,4.7,Stormy,Medium,2,Buffet,bicycle,1,1,Semi-Urban,28.0,4.395281348843586,10.0,18
0x1f1d,MYSRES04DEL02,31,4.6,Sunny,Low,0,Meal,scooter,0,1,Semi-Urban,22.0,7.772466272035551,10.0,23
0x29b9,BANGRES06DEL01,35,4.6,Fog,Low,0,Meal,scooter,1,1,Metropolitian,25.0,1.5525609831264333,15.0,9
0x2681,COIMBRES04DEL02,23,4.6,Windy,Jam,1,Drinks,scooter,1,1,Metropolitian,23.0,12.463888116757749,5.0,20
0x7ebf,COIMBRES17DEL02,22,4.7,Stormy,Jam,2,Snack,bicycle,1,1,Metropolitian,26.0,12.463861442061555,10.0,19
0x82e4,BANGRES09DEL01,21,4.8,Sandstorms,Medium,2,Buffet,scooter,1,1,Semi-Urban,23.0,6.210607623190057,15.0,16
0x4a7c,BANGRES010DEL03,27,4.7,Sandstorms,Medium,2,Drinks,motorcycle,1,1,Semi-Urban,21.0,9.315745106316243,5.0,18
0x7141,SURRES09DEL01,27,4.8,Cloudy,Low,0,Buffet,scooter,1,1,Semi-Urban,16.0,1.5203447277401048,15.0,10
0x3b07,SURRES06DEL03,28,4.7,Cloudy,Low,0,Buffet,scooter,1,1,Semi-Urban,24.0,9.12108977493757,10.0,23
0xc86,BANGRES12DEL02,37,4.9,Fog,Medium,2,Meal,bicycle,1,1,Semi-Urban,18.0,7.763102784727143,5.0,18
0x4a11,RANCHIRES07DEL02,31,4.7,Sandstorms,Jam,0,Drinks,scooter,1,1,Metropolitian,46.0,12.074047498027575,15.0,20
0x5f12,RANCHIRES16DEL01,30,4.7,Cloudy,Medium,0,Snack,scooter,1,1,Semi-Urban,26.0,6.037193175494637,15.0,16
0x4f8c,SURRES16DEL03,29,4.8,Sandstorms,Medium,2,Meal,bicycle,1,1,Semi-Urban,28.0,4.561113588992224,10.0,17
0x788e,SURRES20DEL01,27,5.0,Fog,Medium,2,Snack,motorcycle,0,1,Semi-Urban,26.0,16.72238039080485,5.0,17
0xdfbc,AGRRES010DEL03,30,4.7,Sunny,Low,1,Snack,scooter,0,1,Metropolitian,15.0,8.929003109241874,10.0,22
0x7e1c,MYSRES11DEL02,27,4.8,Sunny,Medium,0,Buffet,scooter,0,1,Metropolitian,19.0,12.435256015114375,10.0,18
0x974a,INDORES20DEL01,26,4.7,Cloudy,Jam,0,Meal,scooter,1,2,Semi-Urban,45.0,16.63651695459671,15.0,20
0xa35b,JAPRES19DEL03,31,4.5,Windy,Jam,2,Buffet,bicycle,1,1,Semi-Urban,43.0,13.405971717381743,15.0,21
0x6317,SURRES11DEL03,20,4.9,Sunny,Low,1,Meal,bicycle,0,1,Metropolitian,21.0,4.561152341209805,10.0,23
0x3cf6,CHENRES18DEL02,26,5.0,Stormy,Jam,2,Snack,bicycle,1,1,Semi-Urban,23.0,7.762461854550194,5.0,21
0xc6a6,BHPRES08DEL03,28,4.6,Sandstorms,Low,2,Snack,bicycle,0,3,Metropolitian,11.0,9.059804963936871,10.0,23
0x7e00,SURRES02DEL03,34,4.8,Stormy,Jam,2,Snack,bicycle,1,1,Metropolitian,31.0,9.121044921629522,15.0,20
0xaf93,CHENRES01DEL03,22,5.0,Sunny,Low,2,Buffet,bicycle,1,1,Semi-Urban,20.0,9.314419797615273,15.0,23
0xafd8,MUMRES08DEL01,25,4.8,Cloudy,Low,2,Meal,scooter,1,1,Semi-Urban,19.0,1.5299884479314707,10.0,10
0x7722,MYSRES02DEL01,31,4.8,Sunny,Medium,1,Snack,scooter,1,1,Semi-Urban,21.0,6.218076509100711,5.0,16
0x947d,MUMRES20DEL02,26,4.7,Fog,Low,1,Snack,bicycle,0,1,Semi-Urban,18.0,3.05960707159485,10.0,10
0x3bef,BANGRES15DEL03,33,4.6,Sunny,Medium,0,Snack,scooter,0,1,Semi-Urban,28.0,4.6576255671472415,5.0,18
0x1219,SURRES19DEL03,38,5.0,Sandstorms,Jam,2,Snack,bicycle,1,1,Semi-Urban,32.0,9.12210553959038,10.0,20
0xb965,BANGRES15DEL03,23,4.7,Fog,Medium,1,Buffet,scooter,1,1,Metropolitian,12.0,9.314976789360625,5.0,17
0x5bc6,COIMBRES16DEL01,23,4.7,Sandstorms,Low,1,Buffet,bicycle,1,1,Metropolitian,12.0,1.558114851289754,15.0,10
0x5ffb,RANCHIRES13DEL01,36,4.9,Windy,Medium,0,Buffet,scooter,2,1,Metropolitian,34.0,6.037116126732456,10.0,16
0x5609,RANCHIRES07DEL02,36,4.9,Fog,Low,2,Meal,motorcycle,1,1,Semi-Urban,29.0,12.074047498027575,15.0,22
0x8e43,RANCHIRES19DEL03,25,4.8,Sandstorms,Medium,1,Buffet,bicycle,0,1,Semi-Urban,24.0,13.584306064167167,15.0,19
0x9cbc,RANCHIRES20DEL01,24,5.0,Cloudy,Medium,0,Snack,scooter,1,1,Semi-Urban,44.0,16.59866734050554,5.0,17
0xb587,HYDRES01DEL01,34,4.4,Windy,Jam,1,Snack,bicycle,0,1,Semi-Urban,44.0,16.903843893839564,5.0,20
0x5167,JAPRES19DEL03,22,4.7,Stormy,Jam,2,Meal,bicycle,0,1,Semi-Urban,20.0,8.937863682516157,15.0,21
0xac47,RANCHIRES18DEL03,37,4.8,Sunny,Low,1,Meal,scooter,1,3,Semi-Urban,12.0,4.528282400326011,5.0,22
0xd161,LUDHRES04DEL03,21,4.9,Sunny,Medium,1,Snack,bicycle,1,1,Semi-Urban,19.0,4.395007361329002,15.0,18
0x8d04,MYSRES16DEL01,20,4.9,Fog,Jam,1,Snack,bicycle,1,1,Semi-Urban,33.0,17.09819699771769,10.0,21
0x13ac,VADRES01DEL02,30,4.7,Windy,Low,0,Meal,scooter,1,1,Semi-Urban,24.0,3.0295617213530037,15.0,9
0xa57f,VADRES13DEL03,37,4.9,Sunny,Jam,0,Drinks,scooter,0,1,Metropolitian,23.0,4.544232356931077,10.0,21
0xb9e5,JAPRES17DEL02,28,4.9,Sunny,Low,1,Meal,bicycle,1,1,Semi-Urban,17.0,2.979750394372844,15.0,8
0x8b41,PUNERES16DEL02,38,4.7,Sunny,Low,0,Meal,scooter,1,1,Semi-Urban,20.0,3.0644857806760535,15.0,10
0xbc1a,VADRES14DEL02,26,4.8,Stormy,Low,2,Snack,bicycle,0,1,Semi-Urban,18.0,3.0295246341921644,5.0,8
0x9156,CHENRES17DEL03,25,4.8,Cloudy,Low,0,Buffet,scooter,1,1,Semi-Urban,21.0,9.313691518325752,10.0,22
0xca1,HYDRES19DEL01,20,4.7,Sunny,Medium,2,Meal,bicycle,1,1,Semi-Urban,10.0,6.14663364596065,15.0,15
0xa94b,HYDRES02DEL03,25,4.7,Sunny,Medium,0,Snack,scooter,1,1,Semi-Urban,15.0,9.22083460710881,5.0,19
0x45fa,HYDRES06DEL02,28,4.9,Sunny,Low,0,Drinks,scooter,0,1,Semi-Urban,14.0,3.0734222587643045,10.0,10
0xd0d0,KNPRES13DEL01,30,4.7,Sandstorms,Jam,1,Drinks,bicycle,1,1,Semi-Urban,38.0,10.444817974537816,1380.0,20
0x81c7,JAPRES16DEL03,24,4.9,Fog,Low,0,Snack,scooter,0,1,Metropolitian,23.0,20.856833724898493,10.0,22
0xc96,COIMBRES13DEL03,35,5.0,Cloudy,Jam,0,Meal,scooter,1,1,Semi-Urban,33.0,9.348403522662325,15.0,19
0x1e37,MUMRES13DEL02,21,4.5,Fog,Medium,0,Buffet,scooter,1,1,Semi-Urban,36.0,12.23475004893086,5.0,17
0x5249,SURRES07DEL02,32,4.8,Sunny,Jam,2,Buffet,bicycle,1,1,Semi-Urban,15.0,12.16161548161981,5.0,20
0x3158,COIMBRES17DEL02,24,4.1,Stormy,Low,0,Meal,scooter,1,1,Semi-Urban,16.0,3.116121839413475,10.0,10
0x84fe,COIMBRES010DEL02,20,4.8,Cloudy,Low,2,Meal,bicycle,1,1,Semi-Urban,27.0,12.464422665211348,5.0,22
0xa4af,CHENRES19DEL01,27,4.0,Windy,High,0,Drinks,scooter,1,1,Semi-Urban,33.0,6.209976450705328,10.0,13
0x26ae,PUNERES20DEL02,23,4.8,Sandstorms,Jam,2,Meal,motorcycle,1,1,Metropolitian,21.0,12.25501434480783,5.0,21
0x7a12,SURRES02DEL01,32,4.0,Sandstorms,Medium,1,Snack,scooter,2,1,Semi-Urban,32.0,6.080888252609821,5.0,15
0x37da,PUNERES18DEL02,28,4.9,Stormy,Medium,2,Snack,bicycle,1,1,Metropolitian,29.0,19.91296718928853,10.0,17
0x97ca,PUNERES010DEL03,25,4.2,Sandstorms,Jam,0,Meal,scooter,1,1,Semi-Urban,35.0,13.788747286078188,5.0,20
0x2924,COIMBRES11DEL03,31,3.4,Sunny,Low,0,Meal,scooter,1,1,Metropolitian,31.0,14.022298282479131,5.0,23
0x6ecf,RANCHIRES010DEL03,20,5.0,Fog,Jam,1,Drinks,bicycle,1,1,Semi-Urban,41.0,13.583302501334014,5.0,22
0x7a6a,COIMBRES13DEL02,38,4.7,Sunny,Medium,0,Buffet,scooter,1,1,Semi-Urban,21.0,7.790401360105752,10.0,18
0x628c,BANGRES15DEL02,31,4.8,Sandstorms,Low,1,Snack,bicycle,0,1,Semi-Urban,24.0,7.762556904358442,10.0,22
0x52e2,JAPRES07DEL02,36,4.8,Sandstorms,Medium,0,Buffet,scooter,1,1,Semi-Urban,36.0,19.37374583495492,5.0,18
0xa200,SURRES07DEL01,30,4.7,Windy,Low,0,Drinks,scooter,1,1,Semi-Urban,24.0,16.72143013885536,5.0,22
0x2997,MUMRES20DEL02,24,4.1,Cloudy,Jam,2,Buffet,motorcycle,1,1,Semi-Urban,39.0,19.88431857497891,15.0,20
0x7008,COIMBRES15DEL01,28,4.8,Windy,Low,1,Snack,bicycle,1,1,Semi-Urban,18.0,1.5581244322254744,15.0,9
0xc72d,AURGRES01DEL01,26,4.6,Fog,High,1,Buffet,scooter,0,1,Semi-Urban,22.0,1.5263914730559738,5.0,11
0xc3ed,ALHRES12DEL02,23,4.7,Fog,Jam,1,Buffet,scooter,1,1,Semi-Urban,33.0,19.472033277853686,15.0,21
0x88c1,SURRES04DEL03,28,4.8,Stormy,Jam,1,Buffet,bicycle,0,1,Semi-Urban,19.0,13.68148555689137,15.0,19
0x6d6c,BANGRES15DEL02,35,4.8,Cloudy,Low,2,Buffet,scooter,1,1,Semi-Urban,18.0,7.762556904358442,15.0,23
0x7421,CHENRES01DEL02,30,5.0,Windy,Jam,2,Snack,scooter,1,1,Semi-Urban,25.0,7.762092914972186,5.0,21
0x69ed,HYDRES06DEL01,34,5.0,Sandstorms,High,0,Snack,scooter,1,1,Semi-Urban,33.0,1.5367312329664098,5.0,11
0x78c2,JAPRES010DEL03,27,4.4,Cloudy,Medium,1,Snack,bicycle,1,1,Semi-Urban,32.0,20.85094842431187,10.0,17
0x6eaa,PUNERES05DEL03,29,4.6,Windy,Jam,1,Snack,scooter,1,1,Semi-Urban,20.0,9.192770952683546,15.0,20
0x18b9,RANCHIRES19DEL03,30,4.7,Sunny,Low,2,Meal,scooter,1,1,Metropolitian,12.0,9.056672984546829,215.0,20
0xcf84,KNPRES14DEL02,37,4.6,Sunny,Jam,0,Buffet,scooter,1,1,Semi-Urban,24.0,7.461394236453525,15.0,19
0xb4e6,SURRES14DEL01,36,5.0,Fog,Jam,2,Drinks,scooter,1,1,Semi-Urban,44.0,16.72211869180285,5.0,21
0x4e85,MYSRES16DEL03,31,4.4,Cloudy,Medium,1,Snack,bicycle,1,2,Semi-Urban,44.0,13.989695713800396,5.0,18
0x1255,VADRES05DEL01,30,4.8,Stormy,Low,0,Drinks,scooter,1,1,Semi-Urban,20.0,10.602497166339631,15.0,0
0x7740,VADRES03DEL01,24,4.3,Fog,Jam,1,Snack,scooter,1,1,Semi-Urban,34.0,10.60216485230212,10.0,19
0xb1b7,INDORES03DEL03,39,4.6,Cloudy,Low,2,Buffet,bicycle,1,1,Semi-Urban,16.0,4.53754359959467,5.0,23
0x2163,MYSRES15DEL01,37,4.3,Fog,High,1,Drinks,bicycle,0,1,Metropolitian,36.0,6.217525604924386,5.0,13
0x725b,INDORES03DEL02,31,5.0,Sandstorms,Medium,0,Snack,scooter,1,1,Semi-Urban,32.0,12.099096916817196,5.0,18
0x538f,RANCHIRES01DEL01,22,4.8,Stormy,Jam,1,Drinks,bicycle,1,1,Semi-Urban,28.0,10.562878909252845,5.0,19
0xabad,BANGRES06DEL01,34,3.5,Sandstorms,Medium,1,Meal,bicycle,1,1,Semi-Urban,38.0,17.076492495612452,5.0,17
0xd326,KOLRES16DEL02,27,4.9,Fog,Medium,1,Snack,bicycle,0,1,Semi-Urban,26.0,12.107734496942113,5.0,17
0xe120,KOCRES12DEL01,34,4.1,Fog,Jam,2,Buffet,motorcycle,0,1,Semi-Urban,48.0,17.165842266656078,15.0,20
0xb900,RANCHIRES16DEL03,24,4.6,Sunny,Low,0,Snack,scooter,1,1,Semi-Urban,19.0,4.527973054243058,10.0,22
0x1874,CHENRES03DEL02,29,4.6,Windy,High,0,Drinks,scooter,1,1,Semi-Urban,22.0,3.104402431477901,10.0,11
0xdde9,LUDHRES11DEL03,25,4.9,Fog,Medium,1,Meal,scooter,1,1,Semi-Urban,31.0,20.506934775865457,5.0,18
0x26e0,PUNERES06DEL02,36,4.4,Sandstorms,Jam,0,Buffet,scooter,1,1,Metropolitian,51.0,12.25659774869038,15.0,21
0x26b0,SURRES12DEL01,33,4.7,Stormy,Low,1,Meal,bicycle,1,1,Metropolitian,24.0,1.520309052937885,5.0,10
0xcc1,HYDRES04DEL01,22,4.8,Fog,High,1,Buffet,scooter,0,1,Semi-Urban,22.0,1.5369113551350593,5.0,11
0xae17,BANGRES08DEL03,20,4.9,Stormy,Jam,0,Buffet,scooter,0,1,Semi-Urban,19.0,4.65825552423237,15.0,20
0x478d,JAPRES20DEL01,37,4.3,Fog,Low,0,Meal,scooter,2,1,Semi-Urban,43.0,10.425475100056353,5.0,22
0x7b21,COIMBRES01DEL03,22,4.7,Cloudy,Medium,1,Snack,bicycle,1,1,Semi-Urban,12.0,4.674220356187266,5.0,17
0xd554,LUDHRES06DEL02,25,4.5,Stormy,Jam,1,Drinks,bicycle,0,1,Semi-Urban,19.0,19.042397449611613,15.0,21
0xdebb,AGRRES010DEL01,38,4.7,Windy,Low,1,Buffet,scooter,1,1,Metropolitian,28.0,10.416963824321584,5.0,22
0xae1f,INDORES16DEL02,29,4.2,Windy,Low,0,Buffet,scooter,1,1,Semi-Urban,21.0,3.0251533668867396,15.0,10
0x46fa,CHENRES16DEL02,20,4.9,Fog,Jam,2,Buffet,scooter,0,1,Metropolitian,21.0,7.7614224372753755,15.0,21
0x8183,PUNERES05DEL03,21,4.7,Sunny,Jam,2,Drinks,bicycle,0,1,Semi-Urban,13.0,4.596576884051942,5.0,20
0x3b4f,MYSRES02DEL01,27,4.7,Fog,Low,2,Drinks,motorcycle,1,1,Semi-Urban,14.0,1.5545625412407003,5.0,8
0x9833,MYSRES09DEL01,35,4.8,Windy,Low,0,Drinks,scooter,1,1,Semi-Urban,28.0,10.880951367269885,10.0,23
0x8ea7,CHENRES09DEL03,35,4.9,Sunny,Low,1,Snack,scooter,0,1,Metropolitian,18.0,9.313705947300656,15.0,23
0x20ef,BANGRES20DEL01,23,5.0,Stormy,Medium,2,Buffet,bicycle,1,1,Semi-Urban,26.0,17.076725433736602,15.0,17
0xc88e,KOCRES010DEL01,30,4.8,Sunny,Low,1,Drinks,scooter,1,1,Metropolitian,28.0,17.164609401577533,5.0,22
0xd358,AURGRES05DEL03,28,4.6,Fog,Jam,2,Meal,bicycle,1,1,Metropolitian,28.0,9.157688902749936,10.0,21
0x7511,MYSRES15DEL01,31,4.0,Cloudy,Jam,2,Buffet,scooter,1,1,Semi-Urban,40.0,17.0970739431768,10.0,19
0x8290,MYSRES20DEL01,32,4.8,Sandstorms,Low,0,Meal,scooter,0,1,Semi-Urban,20.0,17.09752492719776,5.0,23
0x118a,VADRES13DEL02,34,4.6,Fog,Jam,2,Buffet,motorcycle,1,1,Semi-Urban,33.0,7.573470125639189,15.0,20
0x33e3,COIMBRES03DEL02,37,4.9,Sandstorms,Low,1,Buffet,bicycle,0,1,Semi-Urban,25.0,20.252959556511744,15.0,22
0xe037,KOLRES02DEL03,39,5.0,Fog,Low,0,Buffet,scooter,0,1,Semi-Urban,28.0,4.541151313453414,5.0,23
0x6926,RANCHIRES05DEL02,35,4.8,Cloudy,Low,0,Buffet,scooter,1,1,Semi-Urban,27.0,3.0188687420087144,5.0,8
0x521c,INDORES010DEL03,33,4.7,Fog,Medium,2,Snack,scooter,0,1,Semi-Urban,17.0,9.074684164326316,5.0,17
0x67ab,SURRES01DEL01,33,4.4,Sandstorms,Jam,0,Meal,scooter,1,2,Semi-Urban,43.0,10.641057010178418,15.0,20
0xf10,HYDRES13DEL02,32,4.9,Windy,Low,0,Meal,scooter,1,1,Semi-Urban,25.0,12.293508819559186,5.0,22
0x5690,PUNERES15DEL02,33,4.8,Cloudy,Jam,1,Drinks,bicycle,2,1,Metropolitian,44.0,19.91059239709516,15.0,20
0xcbb4,ALHRES17DEL03,37,4.8,Cloudy,Medium,0,Snack,scooter,1,1,Semi-Urban,32.0,4.494246018081996,15.0,18
0x8ef2,MUMRES03DEL03,24,4.8,Sunny,Jam,2,Meal,bicycle,1,1,Metropolitian,18.0,13.762097103297643,15.0,21
0x6008,BANGRES02DEL01,34,4.6,Sandstorms,High,0,Snack,scooter,1,1,Semi-Urban,36.0,6.210169290102755,5.0,14
0x46f1,MYSRES20DEL02,21,4.4,Windy,Jam,0,Snack,scooter,1,1,Semi-Urban,38.0,12.434913132379245,15.0,20
0x38ff,JAPRES01DEL03,27,4.7,Cloudy,Jam,1,Drinks,scooter,0,1,Metropolitian,34.0,4.46931202175492,5.0,19
0x1e23,SURRES09DEL02,35,5.0,Sandstorms,Low,2,Snack,bicycle,1,1,Semi-Urban,16.0,19.760743726313585,15.0,23
0x4a89,HYDRES03DEL01,35,4.4,Sandstorms,Jam,1,Buffet,scooter,1,1,Semi-Urban,32.0,10.7572047086705,15.0,21
0x90fe,MUMRES18DEL02,31,4.1,Sandstorms,Low,0,Meal,scooter,1,1,Metropolitian,32.0,3.059554247595471,5.0,9
0xafb3,CHENRES13DEL02,34,4.7,Sandstorms,Medium,2,Snack,motorcycle,1,1,Semi-Urban,30.0,12.418462399627495,5.0,18
0x6300,SURRES04DEL03,21,4.5,Sunny,Jam,2,Meal,motorcycle,0,1,Metropolitian,14.0,4.560926278066122,5.0,19
0xb017,SURRES01DEL03,29,4.7,Sunny,Low,1,Drinks,scooter,1,1,Semi-Urban,15.0,9.121049806498666,10.0,23
0x90d1,VADRES14DEL01,30,4.7,Cloudy,Medium,1,Snack,bicycle,1,1,Metropolitian,15.0,6.058848944530401,15.0,16
0xd123,GOARES13DEL01,30,4.8,Sunny,High,2,Meal,bicycle,1,1,Semi-Urban,21.0,6.176431857672641,10.0,14
0x31ca,CHENRES08DEL02,35,4.4,Sandstorms,Low,0,Buffet,scooter,1,1,Semi-Urban,26.0,3.104827485600479,15.0,8
0x581e,INDORES03DEL01,32,4.4,Fog,Low,0,Snack,scooter,1,1,Metropolitian,41.0,16.63541627418215,15.0,23
0xb9fa,BANGRES06DEL01,27,5.0,Cloudy,Low,2,Snack,bicycle,1,1,Metropolitian,10.0,1.5525609831264333,10.0,10
0x6720,MUMRES06DEL01,39,4.7,Sunny,High,2,Drinks,scooter,0,1,Semi-Urban,23.0,6.1198667120156145,5.0,14
0x8641,JAPRES17DEL02,33,4.8,Fog,Jam,0,Buffet,scooter,1,1,Semi-Urban,31.0,7.448937379729502,15.0,19
0x2310,CHENRES15DEL03,37,4.3,Stormy,Jam,0,Meal,scooter,1,2,Semi-Urban,46.0,9.314044064891696,15.0,20
0x5dff,INDORES02DEL01,35,4.9,Cloudy,Low,0,Meal,scooter,1,1,Semi-Urban,25.0,1.513073455729525,5.0,8
0x2e3e,PUNERES010DEL02,24,4.9,Sandstorms,Jam,1,Drinks,scooter,0,1,Semi-Urban,27.0,12.256834609677016,15.0,20
0xdfe,SURRES14DEL02,27,4.5,Sandstorms,Medium,1,Drinks,scooter,0,1,Metropolitian,21.0,7.60168152834193,5.0,17
0x9399,VADRES010DEL03,35,4.6,Sunny,Low,2,Buffet,scooter,1,1,Semi-Urban,17.0,13.631339548300275,15.0,22
0x644,BANGRES04DEL02,30,4.7,Sunny,Jam,0,Meal,scooter,1,1,Semi-Urban,31.0,12.41960204102968,5.0,20
0x1bde,MYSRES08DEL02,25,4.6,Fog,Medium,1,Drinks,bicycle,0,1,Metropolitian,25.0,20.20729968887068,10.0,19
0x52c,PUNERES14DEL02,30,4.7,Sunny,Low,1,Drinks,scooter,1,1,Semi-Urban,21.0,19.9172484157288,1315.0,20
0x9f1f,PUNERES19DEL02,37,3.5,Cloudy,Low,1,Buffet,bicycle,1,1,Semi-Urban,35.0,19.914686965545187,10.0,23
0x6cbd,JAPRES01DEL02,21,4.9,Cloudy,Low,0,Buffet,scooter,1,1,Metropolitian,20.0,11.916994721599234,5.0,22
0xadb0,RANCHIRES010DEL02,31,4.6,Sunny,Medium,0,Drinks,scooter,1,1,Semi-Urban,21.0,7.546800541055753,10.0,18
0xac90,MYSRES19DEL02,35,4.5,Cloudy,Low,1,Snack,bicycle,1,1,Semi-Urban,15.0,7.7720962407184935,10.0,23
0x40de,RANCHIRES07DEL01,20,4.8,Fog,Medium,0,Snack,scooter,1,1,Semi-Urban,35.0,16.60095424935038,10.0,18
0x5c9c,HYDRES02DEL02,20,4.5,Cloudy,Medium,0,Meal,scooter,1,1,Metropolitian,38.0,12.294124530423586,10.0,18
0x82dd,RANCHIRES18DEL01,23,4.6,Windy,Jam,0,Drinks,scooter,1,1,Semi-Urban,34.0,10.565262855251524,5.0,21
0x1df6,COIMBRES05DEL02,33,4.0,Windy,Jam,0,Meal,scooter,1,2,Semi-Urban,51.0,20.253058591951753,5.0,20
0x306e,VADRES05DEL01,39,4.8,Cloudy,High,1,Drinks,bicycle,1,1,Metropolitian,30.0,6.058870515565882,5.0,13
0x27dd,MYSRES08DEL01,36,4.9,Sandstorms,Jam,1,Drinks,bicycle,0,1,Semi-Urban,25.0,17.098804215242584,5.0,21
0x9f88,MUMRES010DEL01,36,4.6,Sandstorms,Low,0,Meal,scooter,0,1,Semi-Urban,23.0,16.83046129455743,15.0,22
0x727a,HYDRES19DEL01,30,4.5,Sunny,Jam,1,Snack,scooter,1,1,Semi-Urban,21.0,16.901690663165983,10.0,19
0xc68b,DEHRES13DEL03,23,4.9,Cloudy,Jam,1,Buffet,bicycle,0,1,Semi-Urban,26.0,4.405611015774126,5.0,19
0x62a1,PUNERES17DEL01,34,4.7,Fog,Low,0,Drinks,scooter,1,1,Semi-Urban,39.0,10.725127399399225,15.0,23
0x1fb0,VADRES06DEL02,24,4.8,Fog,Jam,0,Drinks,scooter,2,1,Metropolitian,47.0,19.688246931881576,5.0,21
0x966b,SURRES19DEL02,38,4.6,Sandstorms,Low,2,Meal,bicycle,1,1,Semi-Urban,28.0,7.601874226722028,5.0,23
0x4485,COIMBRES010DEL02,24,4.7,Cloudy,Low,1,Buffet,bicycle,1,1,Semi-Urban,18.0,7.790489304769405,5.0,22
0x61da,VADRES03DEL01,24,4.5,Cloudy,Low,0,Buffet,scooter,1,1,Semi-Urban,19.0,1.5147453171152914,15.0,9
0x4565,CHENRES20DEL03,27,4.8,Sunny,Jam,0,Meal,scooter,1,1,Semi-Urban,20.0,13.972036025783174,5.0,20
0xa453,MUMRES09DEL01,31,4.6,Windy,High,1,Drinks,bicycle,1,1,Semi-Urban,30.0,6.120941769502897,10.0,14
0xa6ff,MUMRES03DEL01,30,4.6,Cloudy,Medium,0,Drinks,scooter,1,1,Semi-Urban,26.0,6.116927321899057,10.0,16
0x6050,MYSRES16DEL02,34,4.9,Sunny,Low,2,Drinks,motorcycle,1,1,Semi-Urban,11.0,7.772343594464243,15.0,0
0x4527,JAPRES07DEL03,31,4.5,Stormy,Jam,2,Buffet,scooter,1,1,Metropolitian,29.0,13.413644078076244,10.0,20
0xb8dc,MUMRES12DEL02,28,4.9,Sunny,Medium,0,Meal,scooter,1,1,Metropolitian,17.0,12.233735310134827,5.0,17
0x9342,CHENRES07DEL02,34,4.9,Stormy,Medium,1,Drinks,bicycle,0,1,Semi-Urban,23.0,20.176811965426136,10.0,18
0x4b55,PUNERES15DEL03,22,4.7,Cloudy,Jam,1,Meal,bicycle,0,1,Semi-Urban,31.0,9.19040310530244,10.0,21
0xbb46,SURRES20DEL02,30,4.8,Cloudy,Low,1,Snack,bicycle,1,1,Semi-Urban,27.0,19.76218981785925,15.0,22
0xb385,INDORES20DEL01,36,4.3,Cloudy,High,2,Buffet,scooter,2,1,Metropolitian,39.0,6.050355980667947,15.0,15
0x604e,JAPRES04DEL03,35,4.6,Sunny,Jam,0,Drinks,scooter,1,1,Semi-Urban,26.0,8.938197833558919,5.0,19
0xe10e,KOLRES02DEL03,30,4.7,Windy,Medium,0,Meal,scooter,1,1,Semi-Urban,25.0,4.541151313453414,15.0,17
0x8a5,BANGRES18DEL01,30,4.7,Sandstorms,High,2,Drinks,bicycle,1,1,Semi-Urban,32.0,6.21086415606354,1095.0,20
0x95eb,PUNERES20DEL02,33,3.6,Fog,Low,1,Snack,bicycle,1,1,Metropolitian,36.0,19.913009545593138,15.0,23
0x9d35,MYSRES010DEL01,31,5.0,Windy,Jam,2,Drinks,scooter,1,1,Semi-Urban,29.0,17.09806123890409,10.0,20
0xcc5,PUNERES20DEL03,31,4.9,Sunny,Medium,1,Snack,scooter,1,1,Metropolitian,20.0,13.786698988713738,5.0,17
0x41ab,MUMRES09DEL01,27,4.6,Cloudy,High,1,Snack,bicycle,1,1,Semi-Urban,20.0,6.120941769502897,5.0,12
0x3a6c,JAPRES07DEL02,23,4.8,Fog,High,2,Snack,bicycle,0,1,Semi-Urban,34.0,2.981217855191797,5.0,11
0xe13b,AURGRES010DEL03,25,4.8,Windy,Jam,2,Drinks,motorcycle,1,1,Semi-Urban,23.0,4.579050685145385,5.0,19
0x87b3,RANCHIRES13DEL02,28,4.6,Sandstorms,Low,1,Buffet,scooter,0,1,Semi-Urban,18.0,3.0186622920269803,10.0,10
0x79db,INDORES18DEL02,34,4.7,Stormy,Jam,1,Buffet,scooter,1,1,Metropolitian,33.0,7.562267471532845,10.0,21
0x9118,RANCHIRES01DEL01,20,4.7,Fog,Low,2,Snack,motorcycle,1,1,Semi-Urban,28.0,10.562878909252845,10.0,23
0x41c5,MYSRES19DEL02,39,4.9,Sunny,Medium,0,Meal,scooter,0,1,Semi-Urban,38.0,20.20593639018606,15.0,17
0xd332,KOLRES07DEL03,23,4.1,Cloudy,Jam,2,Snack,motorcycle,0,1,Metropolitian,36.0,13.620606901382935,10.0,21
0x4655,CHENRES02DEL03,38,4.4,Windy,Jam,1,Meal,scooter,1,1,Metropolitian,32.0,13.968990746015168,15.0,20
0xad3c,COIMBRES04DEL01,31,3.7,Stormy,Medium,1,Snack,bicycle,1,1,Semi-Urban,34.0,17.137414711878986,15.0,18
0xd6a7,ALHRES14DEL02,36,4.3,Windy,Jam,0,Meal,scooter,1,1,Semi-Urban,35.0,19.470884197808502,5.0,20
0xc853,KOLRES01DEL03,30,4.1,Cloudy,Jam,1,Drinks,bicycle,1,1,Metropolitian,34.0,4.5411497543865105,5.0,20
0xd946,LUDHRES15DEL02,20,4.5,Sandstorms,Jam,2,Buffet,bicycle,0,1,Metropolitian,16.0,11.719471817434323,5.0,20
0x85b,VADRES05DEL02,31,4.7,Sandstorms,Jam,2,Buffet,scooter,1,1,Semi-Urban,25.0,7.573462889023677,15.0,21
0x6b58,VADRES01DEL01,33,4.4,Fog,High,0,Meal,scooter,1,1,Metropolitian,32.0,1.5148058859292481,5.0,11
0xafb9,MUMRES03DEL02,27,4.7,Sandstorms,Medium,1,Drinks,scooter,1,1,Semi-Urban,23.0,7.646049300624548,10.0,18
0xcc93,LUDHRES09DEL01,31,3.8,Fog,Low,1,Buffet,scooter,2,1,Semi-Urban,35.0,16.11418469938882,15.0,22
0x120a,MUMRES13DEL02,31,4.5,Fog,Low,0,Buffet,scooter,0,1,Semi-Urban,22.0,3.0589506421330555,5.0,8
0xc51e,DEHRES17DEL01,38,4.9,Cloudy,Medium,1,Meal,bicycle,1,1,Semi-Urban,18.0,5.875003005817474,5.0,15
0x4f58,MYSRES05DEL02,25,4.1,Stormy,Low,0,Buffet,scooter,1,1,Metropolitian,20.0,7.772241951547949,10.0,23
0x3647,BANGRES04DEL03,31,4.6,Stormy,Jam,2,Snack,scooter,1,1,Semi-Urban,30.0,4.657579589646204,10.0,20
0x62c7,RANCHIRES11DEL03,28,4.7,Cloudy,Medium,1,Meal,bicycle,0,1,Semi-Urban,10.0,4.528162065607132,10.0,18
0x4ae8,BANGRES09DEL03,31,4.8,Sunny,Medium,0,Meal,scooter,1,1,Semi-Urban,26.0,9.315729044609785,5.0,17
0x3c72,VADRES05DEL02,31,4.7,Fog,Low,0,Buffet,scooter,1,1,Semi-Urban,41.0,12.116939023592712,10.0,23
0x951d,HYDRES08DEL02,37,4.9,Sandstorms,Low,1,Buffet,scooter,1,1,Metropolitian,15.0,19.975286862388522,10.0,22
0x3ea1,CHENRES13DEL01,32,4.9,Sandstorms,High,2,Meal,scooter,1,1,Semi-Urban,30.0,6.209476177667662,10.0,14
0x3ea9,BANGRES01DEL03,29,4.9,Sandstorms,Jam,0,Snack,scooter,1,1,Semi-Urban,25.0,13.973207156405252,5.0,20
0xa6ea,SURRES17DEL01,32,4.6,Fog,High,0,Snack,scooter,1,1,Semi-Urban,28.0,1.5204709334108633,5.0,11
0xbe2b,HYDRES010DEL02,32,4.9,Cloudy,Medium,2,Drinks,motorcycle,2,1,Semi-Urban,39.0,12.29361121840287,10.0,17
0x20fa,PUNERES08DEL03,27,4.4,Cloudy,Jam,2,Snack,bicycle,1,1,Semi-Urban,37.0,13.788947117364545,10.0,20
0x1c22,RANCHIRES19DEL02,39,4.3,Stormy,Medium,1,Buffet,bicycle,1,1,Metropolitian,31.0,19.62041929653999,5.0,17
0x388d,CHENRES05DEL02,39,3.7,Windy,Medium,2,Buffet,bicycle,1,1,Semi-Urban,34.0,12.417687564200063,5.0,18
0x6da0,MYSRES15DEL03,38,4.8,Cloudy,Jam,0,Drinks,scooter,0,1,Semi-Urban,25.0,4.663187802146826,5.0,20
0x84ba,INDORES20DEL01,31,4.8,Stormy,High,1,Snack,scooter,0,1,Semi-Urban,26.0,6.050355980667947,5.0,13
0xcda8,KOCRES18DEL03,30,4.5,Sunny,Low,2,Buffet,bicycle,1,1,Semi-Urban,20.0,14.045662159129527,15.0,23
0x3a64,SURRES20DEL02,23,4.9,Cloudy,Low,1,Drinks,scooter,0,1,Semi-Urban,16.0,7.60180033473793,5.0,22
0x4ad1,INDORES14DEL02,33,4.8,Sunny,Low,1,Meal,bicycle,1,1,Semi-Urban,13.0,7.5620699721624804,5.0,22
0x5dda,PUNERES16DEL02,32,5.0,Sunny,Medium,0,Drinks,scooter,0,1,Semi-Urban,21.0,7.660895664241821,15.0,18
0xb902,HYDRES17DEL02,36,4.6,Fog,High,2,Buffet,bicycle,1,1,Semi-Urban,30.0,3.0734537599377685,10.0,11
0xe5e,BANGRES12DEL03,30,4.7,Windy,Medium,2,Buffet,bicycle,0,1,Semi-Urban,31.0,9.31563208704705,1310.0,20
0xa8bb,BANGRES01DEL01,37,4.1,Stormy,High,0,Drinks,scooter,2,1,Semi-Urban,43.0,6.2106184931214035,10.0,13
0x4999,RANCHIRES13DEL01,39,4.5,Stormy,High,1,Drinks,scooter,1,1,Semi-Urban,28.0,6.037116126732456,5.0,14
0x47f2,CHENRES16DEL01,33,4.9,Windy,Low,2,Meal,motorcycle,1,1,Metropolitian,28.0,10.865776701899678,5.0,22
0x37be,MUMRES010DEL01,26,4.6,Stormy,Medium,2,Buffet,scooter,0,1,Semi-Urban,18.0,16.83046129455743,15.0,17
0x89b5,BANGRES04DEL01,24,4.0,Stormy,Low,0,Drinks,scooter,1,1,Semi-Urban,18.0,1.5525569843004512,10.0,10
0x4c4c,MYSRES06DEL03,31,4.7,Sunny,Medium,2,Meal,scooter,1,1,Semi-Urban,17.0,4.663432062512584,5.0,18
0x3806,MUMRES15DEL02,22,4.8,Sunny,Medium,2,Snack,scooter,0,1,Metropolitian,10.0,19.880157869977552,10.0,17
0x2935,COIMBRES16DEL02,29,4.6,Cloudy,Medium,0,Buffet,scooter,1,1,Semi-Urban,25.0,7.790314135591859,5.0,18
0x6ffe,MYSRES01DEL03,22,4.9,Windy,Medium,0,Snack,scooter,0,1,Semi-Urban,24.0,4.663544352411129,5.0,17
0x2260,MUMRES01DEL02,26,4.7,Cloudy,Low,0,Meal,scooter,0,1,Semi-Urban,20.0,7.6481792534738355,5.0,23
0x234d,PUNERES20DEL03,39,4.9,Sandstorms,Low,2,Drinks,scooter,1,1,Semi-Urban,27.0,4.59595027478907,5.0,23
0x22af,BANGRES08DEL03,33,5.0,Cloudy,Jam,1,Drinks,bicycle,0,1,Semi-Urban,38.0,4.65825552423237,5.0,20
0x6a5f,MUMRES08DEL02,25,4.9,Cloudy,Low,1,Buffet,scooter,0,1,Semi-Urban,14.0,3.0599333272414095,10.0,8
0x8e03,BANGRES05DEL01,38,4.6,Windy,Low,0,Drinks,scooter,1,1,Semi-Urban,25.0,10.867473945951692,5.0,23
0xa1d1,INDORES06DEL03,31,4.4,Cloudy,Jam,1,Meal,scooter,1,1,Semi-Urban,33.0,4.5379053231429145,10.0,19
0x42eb,MUMRES14DEL02,37,4.8,Cloudy,Low,1,Snack,bicycle,1,1,Metropolitian,15.0,3.058924545938562,15.0,8
0x2d07,CHENRES16DEL02,23,4.7,Cloudy,Low,2,Buffet,motorcycle,0,1,Semi-Urban,22.0,12.4179077297463,15.0,23
0xac2e,INDORES19DEL03,35,4.8,Windy,Medium,0,Buffet,scooter,1,1,Metropolitian,31.0,9.074821802568852,5.0,18
0x9598,SURRES18DEL02,35,4.5,Fog,High,0,Drinks,scooter,1,1,Semi-Urban,29.0,3.040891552951612,15.0,11
0x8421,INDORES11DEL02,32,4.3,Windy,Low,0,Meal,scooter,1,1,Semi-Urban,22.0,3.0250863295462396,15.0,9
0x28bb,HYDRES07DEL02,29,4.9,Windy,Low,2,Meal,bicycle,1,1,Semi-Urban,19.0,7.683892680377775,15.0,23
0x49f2,SURRES03DEL01,35,4.0,Sunny,Jam,0,Drinks,scooter,1,1,Semi-Urban,34.0,16.720582121841456,15.0,20
0x62bf,BANGRES01DEL02,29,4.5,Cloudy,Low,0,Meal,scooter,1,1,Semi-Urban,20.0,3.1053699758611546,5.0,9
0x8218,INDORES06DEL02,21,4.3,Stormy,Low,0,Buffet,scooter,1,1,Semi-Urban,29.0,3.0253210909321173,10.0,9
0x5415,SURRES09DEL01,26,4.8,Stormy,Low,1,Snack,bicycle,0,1,Semi-Urban,18.0,1.5203447277401048,5.0,9
0xa4b3,PUNERES03DEL01,32,4.9,Sunny,High,1,Snack,scooter,1,1,Semi-Urban,22.0,1.5321890925569548,5.0,11
0x25ba,INDORES03DEL02,21,4.9,Sunny,Medium,2,Buffet,motorcycle,0,1,Metropolitian,15.0,19.659373527443684,10.0,18
0x4484,BANGRES12DEL03,39,4.8,Stormy,Medium,2,Drinks,motorcycle,1,1,Metropolitian,25.0,4.657952854119435,15.0,18
0x1c2b,PUNERES12DEL02,32,4.9,Windy,Medium,0,Meal,scooter,0,1,Metropolitian,27.0,7.661250453808297,10.0,18
0x75d2,HYDRES12DEL02,20,4.9,Sunny,Low,0,Meal,scooter,1,3,Semi-Urban,12.0,3.0736336615831137,10.0,8
0x9f0e,INDORES12DEL01,33,4.7,Fog,High,0,Snack,scooter,0,1,Semi-Urban,34.0,6.0500335924587025,15.0,13
0x7de5,MYSRES19DEL02,38,4.4,Sandstorms,Low,0,Snack,scooter,1,1,Metropolitian,23.0,3.1089255711547725,5.0,10
0x67ec,COIMBRES09DEL03,22,4.8,Sunny,Jam,2,Drinks,bicycle,1,1,Semi-Urban,17.0,9.348325936764454,15.0,19
0x755a,INDORES15DEL03,33,4.0,Sandstorms,Jam,0,Drinks,scooter,1,1,Semi-Urban,31.0,4.537418110277337,5.0,19
0x5a72,BANGRES05DEL02,38,4.7,Stormy,Medium,1,Meal,bicycle,1,1,Semi-Urban,26.0,7.7626338661018774,5.0,18
0x32ed,RANCHIRES16DEL02,29,4.7,Sunny,Medium,1,Meal,scooter,0,1,Semi-Urban,15.0,19.617824561450774,5.0,18
0x8dce,HYDRES14DEL01,34,4.7,Sunny,Jam,1,Snack,scooter,1,1,Semi-Urban,15.0,10.75710880025813,15.0,20
0xa4f2,PUNERES18DEL01,22,4.5,Sunny,Low,0,Drinks,scooter,1,1,Semi-Urban,23.0,16.849904095492622,15.0,23
0x8e87,JAPRES15DEL01,21,4.8,Sandstorms,Low,2,Drinks,scooter,1,1,Semi-Urban,18.0,16.385802266862793,5.0,22
0xe127,BHPRES18DEL02,36,4.9,Fog,Medium,0,Snack,scooter,0,1,Semi-Urban,48.0,19.62707255959286,10.0,18
0x9261,MYSRES06DEL02,30,4.2,Cloudy,Jam,1,Buffet,scooter,0,1,Semi-Urban,35.0,7.772241719523235,15.0,21
0xe025,KOLRES17DEL01,37,4.8,Stormy,Medium,1,Meal,bicycle,1,1,Metropolitian,33.0,6.05366065847918,15.0,15
0x5d59,INDORES14DEL02,37,5.0,Sunny,Jam,1,Meal,scooter,1,1,Metropolitian,23.0,12.098699936279859,15.0,20
0x3941,BANGRES05DEL02,28,4.8,Sandstorms,Low,2,Meal,scooter,1,1,Metropolitian,18.0,7.7626338661018774,15.0,22
0x2d2a,COIMBRES01DEL03,30,4.8,Stormy,Low,2,Snack,bicycle,1,1,Metropolitian,17.0,14.0219570899938,15.0,22
0xb261,INDORES04DEL01,35,4.9,Fog,Low,2,Meal,bicycle,1,1,Semi-Urban,30.0,10.586824027282614,10.0,22
0x61e4,SURRES02DEL01,36,4.4,Fog,Medium,1,Snack,scooter,0,1,Semi-Urban,40.0,16.72059667667709,5.0,17
0xf5f,MUMRES05DEL03,35,4.3,Sunny,Jam,0,Meal,scooter,1,1,Semi-Urban,33.0,13.773737657079298,5.0,20
0xa261,MYSRES11DEL03,33,4.8,Stormy,Jam,1,Snack,bicycle,1,1,Semi-Urban,31.0,4.663438748149054,15.0,21
0x2a46,MUMRES20DEL03,27,5.0,Stormy,Jam,2,Buffet,scooter,1,1,Semi-Urban,29.0,4.589345115377281,15.0,20
0xc220,KOCRES09DEL01,31,4.9,Windy,Jam,0,Snack,scooter,1,1,Metropolitian,44.0,17.16552279552974,10.0,20
0x2014,HYDRES11DEL01,35,4.5,Cloudy,High,1,Meal,scooter,0,1,Semi-Urban,28.0,6.147092755626801,15.0,13
0x84d6,CHENRES05DEL01,37,4.0,Windy,Jam,0,Snack,scooter,1,2,Semi-Urban,47.0,10.865584127340643,5.0,19
0x1adb,COIMBRES01DEL02,33,4.1,Stormy,Medium,0,Meal,scooter,0,1,Semi-Urban,34.0,7.790237052802913,15.0,17
0x2779,JAPRES14DEL01,23,4.6,Stormy,Medium,0,Buffet,scooter,1,1,Semi-Urban,17.0,5.959357904254251,5.0,16
0x68b6,JAPRES03DEL01,32,4.8,Windy,Medium,0,Meal,scooter,1,1,Semi-Urban,33.0,16.384366809227615,10.0,18
0xbcbc,COIMBRES19DEL02,21,4.7,Sandstorms,Low,1,Snack,bicycle,1,1,Semi-Urban,18.0,3.1161417126181274,15.0,8
0xc228,AGRRES12DEL03,33,4.6,Sunny,Jam,1,Snack,bicycle,0,1,Semi-Urban,21.0,8.928939271550702,15.0,21
0xa7c,MUMRES12DEL01,27,4.8,Windy,High,2,Buffet,bicycle,1,1,Semi-Urban,19.0,6.117219095561937,15.0,13
0x7bd0,MYSRES07DEL01,36,4.7,Sunny,Medium,1,Meal,scooter,0,1,Semi-Urban,16.0,6.217834398578936,5.0,16
0x439b,VADRES19DEL02,21,4.6,Cloudy,Low,2,Buffet,bicycle,1,1,Metropolitian,15.0,3.0295222215900934,10.0,9
0x1138,MYSRES19DEL03,27,4.1,Windy,Jam,0,Drinks,scooter,1,1,Semi-Urban,33.0,4.663344843093785,10.0,19
0x7427,RANCHIRES010DEL01,30,4.6,Stormy,Low,2,Drinks,bicycle,1,1,Semi-Urban,20.0,16.601240146481178,10.0,22
0x94c4,MYSRES02DEL02,20,4.6,Fog,Jam,2,Drinks,bicycle,1,1,Semi-Urban,38.0,12.435689047425509,15.0,20
0x7ee7,PUNERES08DEL02,27,4.6,Sunny,Jam,2,Snack,scooter,1,1,Semi-Urban,18.0,7.66095172081025,10.0,21
0x1c62,COIMBRES05DEL01,35,4.2,Sunny,Jam,2,Buffet,scooter,1,1,Metropolitian,31.0,17.13749142638821,10.0,19
0x3cb7,HYDRES17DEL03,25,4.2,Sunny,Jam,0,Meal,scooter,0,1,Semi-Urban,51.0,4.610120317988261,15.0,19
0x2cbe,COIMBRES14DEL01,37,3.7,Sunny,Jam,2,Meal,bicycle,0,1,Semi-Urban,33.0,17.138022132927368,15.0,20
0x7dd7,JAPRES08DEL02,20,4.5,Windy,Jam,2,Buffet,motorcycle,1,1,Metropolitian,21.0,19.362825446415226,5.0,20
0x72e8,MYSRES03DEL02,27,4.6,Fog,Low,2,Meal,motorcycle,1,1,Metropolitian,21.0,20.20724042537554,10.0,23
0xa014,JAPRES06DEL02,24,5.0,Windy,Jam,2,Meal,bicycle,1,1,Semi-Urban,26.0,11.916679298853882,5.0,20
0x7ff,RANCHIRES15DEL02,24,4.9,Sunny,High,2,Drinks,bicycle,0,1,Semi-Urban,10.0,3.01871690507141,15.0,12
0x9f11,CHENRES20DEL03,27,5.0,Stormy,Low,2,Drinks,bicycle,0,1,Metropolitian,13.0,9.314965469327513,10.0,22
0x47dc,CHENRES17DEL03,23,4.7,Stormy,Low,0,Snack,scooter,0,1,Semi-Urban,19.0,13.970122998261997,15.0,22
0x446c,MYSRES19DEL02,30,4.5,Cloudy,Low,2,Drinks,bicycle,0,1,Semi-Urban,32.0,20.20593639018606,10.0,23
0x237f,COIMBRES09DEL02,28,4.9,Sandstorms,Low,1,Drinks,bicycle,1,1,Metropolitian,15.0,12.464226008964719,15.0,22
0x3713,COIMBRES010DEL01,36,4.6,Windy,Medium,2,Drinks,scooter,1,1,Metropolitian,24.0,10.906470984869689,5.0,17
0x9bef,INDORES16DEL02,34,4.6,Stormy,Low,2,Drinks,scooter,0,1,Semi-Urban,21.0,3.0251533668867396,5.0,8
0x555a,HYDRES17DEL02,22,4.8,Windy,Low,1,Meal,bicycle,0,1,Metropolitian,15.0,3.0734537599377685,10.0,10
0x8cb6,CHENRES010DEL01,27,4.9,Cloudy,High,1,Snack,bicycle,0,1,Semi-Urban,32.0,1.5522933461661421,15.0,11
0xc1fe,KNPRES19DEL01,28,4.9,Windy,Low,2,Drinks,scooter,1,1,Metropolitian,15.0,10.444437629135967,10.0,23
0x56b2,PUNERES20DEL03,34,4.8,Sunny,Jam,2,Buffet,bicycle,1,1,Semi-Urban,17.0,9.19151681625338,10.0,21
0x99cc,CHENRES09DEL02,26,4.8,Windy,High,1,Meal,scooter,0,1,Semi-Urban,27.0,3.1046911695399038,5.0,11
0x2fea,INDORES16DEL02,24,4.7,Sandstorms,Jam,1,Buffet,scooter,1,1,Metropolitian,22.0,7.562501497648588,5.0,21
0x363b,HYDRES06DEL03,32,4.6,Fog,Jam,0,Buffet,scooter,0,1,Semi-Urban,40.0,13.82913165629175,15.0,20
0x8b52,HYDRES18DEL02,31,4.7,Cloudy,Medium,2,Meal,scooter,1,1,Semi-Urban,30.0,19.97462742500737,15.0,18
0x8423,JAPRES11DEL02,37,4.9,Cloudy,Low,0,Buffet,scooter,2,1,Metropolitian,37.0,11.917100051488791,5.0,23
0xc1be,AGRRES12DEL03,29,4.6,Fog,Jam,1,Drinks,bicycle,1,1,Semi-Urban,27.0,4.464734973807576,5.0,20
0xa918,HYDRES15DEL03,25,4.8,Cloudy,Low,1,Buffet,bicycle,0,3,Metropolitian,10.0,4.610027010711368,5.0,23
0x9500,JAPRES03DEL02,21,4.8,Windy,Low,0,Meal,scooter,1,1,Semi-Urban,17.0,11.916606438888204,10.0,22
0xbf56,KNPRES16DEL02,30,4.7,Windy,Low,0,Snack,scooter,1,1,Semi-Urban,24.0,7.460843441737842,135.0,20
0xb984,HYDRES18DEL02,29,4.9,Stormy,Jam,1,Buffet,scooter,1,1,Semi-Urban,20.0,7.683355299930933,10.0,20
0xbb5,MUMRES04DEL03,30,4.7,Sunny,Low,3,Snack,motorcycle,1,1,Semi-Urban,36.0,13.760880474936114,15.0,20
0x1b0c,MUMRES01DEL03,20,4.6,Sandstorms,Jam,2,Meal,scooter,1,1,Metropolitian,22.0,13.765934616154562,5.0,20
0xd823,DEHRES06DEL03,22,3.3,Sunny,Low,2,Snack,bicycle,1,1,Semi-Urban,37.0,20.555026364273903,5.0,23
0xc718,AURGRES05DEL03,37,4.1,Sandstorms,Low,0,Buffet,scooter,1,1,Semi-Urban,26.0,4.579048174782752,15.0,23
0x2fcb,RANCHIRES19DEL01,35,4.9,Stormy,Medium,1,Snack,scooter,1,1,Semi-Urban,28.0,6.037990253487766,10.0,15
0x648,RANCHIRES15DEL03,30,4.7,Stormy,Medium,0,Meal,scooter,0,1,Semi-Urban,33.0,4.5279972125744,1320.0,20
0x435d,JAPRES03DEL02,26,4.6,Windy,Low,1,Drinks,bicycle,1,1,Semi-Urban,16.0,11.916606438888204,5.0,22
0x3d91,JAPRES01DEL01,26,4.8,Sunny,High,2,Snack,motorcycle,0,1,Semi-Urban,14.0,5.958965689667192,5.0,13
0xb77d,SURRES16DEL01,21,4.5,Windy,Low,2,Snack,scooter,1,1,Metropolitian,14.0,1.5204190072774333,5.0,9
0xb3a1,COIMBRES03DEL01,29,5.0,Windy,High,0,Meal,scooter,0,1,Semi-Urban,24.0,6.232150258829198,15.0,12
0x5868,PUNERES04DEL01,23,4.7,Sunny,Jam,1,Buffet,bicycle,0,1,Semi-Urban,14.0,16.85361872985359,10.0,19
0x67f2,JAPRES16DEL03,23,4.1,Windy,Jam,0,Snack,scooter,1,1,Semi-Urban,34.0,4.470286489434607,5.0,19
0x6732,CHENRES18DEL02,35,4.9,Sandstorms,Low,1,Buffet,bicycle,1,1,Semi-Urban,29.0,3.1050761845074675,10.0,8
0x36c3,COIMBRES15DEL02,26,4.7,Cloudy,Medium,0,Buffet,scooter,1,1,Semi-Urban,26.0,7.79036212453358,10.0,17
0xa97d,INDORES20DEL02,23,4.8,Windy,Medium,0,Buffet,scooter,0,1,Metropolitian,25.0,7.5628176900723,10.0,17
0xb18a,INDORES08DEL01,26,4.2,Sunny,High,0,Buffet,scooter,1,2,Semi-Urban,53.0,6.0504060616582525,10.0,13
0xa687,RANCHIRES15DEL01,33,4.4,Windy,Medium,0,Snack,scooter,2,2,Semi-Urban,44.0,16.600361127912656,15.0,17
0x51fe,COIMBRES07DEL03,25,4.8,Stormy,Medium,2,Drinks,bicycle,1,1,Metropolitian,23.0,14.023232083084483,10.0,18
0x3343,BANGRES17DEL01,28,4.8,Sandstorms,Medium,0,Buffet,scooter,1,1,Metropolitian,19.0,6.210141144622587,10.0,16
0x1498,COIMBRES18DEL03,34,4.9,Sunny,Low,0,Drinks,scooter,0,1,Semi-Urban,22.0,14.021848812228344,10.0,23
0x450b,VADRES11DEL01,27,4.5,Stormy,High,1,Meal,scooter,1,1,Metropolitian,27.0,6.058919182290143,5.0,14
0x4854,MUMRES04DEL01,25,4.9,Sunny,Low,1,Meal,bicycle,1,1,Metropolitian,20.0,1.529162766029632,15.0,9
0xc49,SURRES13DEL02,22,3.8,Sunny,Jam,0,Snack,scooter,1,1,Metropolitian,40.0,7.601385733164932,5.0,19
0x5824,COIMBRES07DEL02,22,5.0,Stormy,Jam,0,Drinks,scooter,1,1,Semi-Urban,35.0,20.25510293833981,10.0,21
0xa8b,BANGRES03DEL01,38,4.5,Stormy,Low,2,Snack,bicycle,1,1,Semi-Urban,20.0,1.5525607701091517,15.0,8
0x8935,MYSRES05DEL03,32,4.1,Cloudy,Medium,2,Snack,scooter,1,1,Semi-Urban,42.0,13.989512471854455,10.0,17
0x8f0b,SURRES16DEL01,31,4.7,Sunny,Medium,1,Meal,bicycle,1,1,Semi-Urban,18.0,6.081389116676368,5.0,16
0x3cb3,MUMRES16DEL02,24,4.7,Fog,Medium,2,Snack,motorcycle,1,1,Semi-Urban,32.0,19.883360631545855,15.0,17
0xc213,KOLRES12DEL02,35,3.8,Windy,Medium,1,Buffet,scooter,1,1,Semi-Urban,33.0,12.107250921527273,5.0,18
0xcee7,KOCRES19DEL01,23,5.0,Stormy,Low,1,Snack,bicycle,1,1,Semi-Urban,16.0,10.924508385005714,15.0,23
0x4506,BANGRES010DEL02,27,4.8,Windy,Jam,1,Snack,scooter,1,1,Semi-Urban,27.0,12.420750050313671,5.0,19
0xc1cc,LUDHRES11DEL03,39,4.1,Windy,Jam,0,Snack,scooter,3,1,Urban,49.0,13.18449338209143,10.0,19
0xc820,DEHRES04DEL01,32,4.0,Fog,Jam,2,Meal,motorcycle,1,1,Semi-Urban,42.0,10.280009835772024,10.0,20
0x31e2,BANGRES04DEL02,22,4.9,Sunny,Medium,2,Drinks,motorcycle,1,1,Semi-Urban,19.0,12.41960204102968,5.0,18
0x40ff,MUMRES01DEL01,36,4.7,Sandstorms,Low,2,Buffet,motorcycle,1,1,Semi-Urban,29.0,1.5297232853100242,15.0,9
0x5c39,MUMRES06DEL02,31,4.3,Sandstorms,Jam,1,Snack,bicycle,0,1,Semi-Urban,35.0,19.88701283582688,15.0,20
0xbcb4,COIMBRES19DEL02,24,4.9,Sandstorms,High,2,Snack,bicycle,1,1,Metropolitian,21.0,3.1161417126181274,10.0,12
0x8404,MUMRES16DEL01,21,4.7,Stormy,Low,1,Buffet,scooter,1,1,Semi-Urban,19.0,16.824864367093813,10.0,22
0x33cf,JAPRES17DEL01,22,4.2,Fog,Medium,2,Drinks,motorcycle,2,1,Semi-Urban,39.0,16.385730104308024,5.0,18
0x4fec,RANCHIRES20DEL02,34,5.0,Sunny,Low,1,Buffet,bicycle,1,1,Semi-Urban,29.0,19.615926964388624,10.0,23
0x3c9a,PUNERES19DEL01,28,4.5,Windy,Jam,0,Buffet,scooter,1,1,Semi-Urban,28.0,16.851371030914212,10.0,20
0xe97,JAPRES04DEL01,37,4.9,Fog,High,0,Snack,scooter,1,1,Semi-Urban,26.0,5.959032639454782,15.0,13
0x59b7,SURRES16DEL02,36,4.8,Sunny,Medium,1,Meal,scooter,1,1,Metropolitian,19.0,19.76171176132034,10.0,18
0x7edb,BANGRES11DEL01,35,4.5,Stormy,Medium,0,Meal,scooter,1,1,Metropolitian,28.0,6.210605364096597,10.0,15
0x49cd,HYDRES03DEL03,23,4.8,Windy,Jam,1,Meal,bicycle,0,1,Metropolitian,19.0,9.22058182647967,15.0,20
0xa93,MUMRES18DEL01,39,4.8,Stormy,Low,0,Drinks,scooter,1,1,Metropolitian,20.0,10.707675026486205,5.0,22
0xdc24,ALHRES17DEL03,31,4.1,Cloudy,Jam,2,Drinks,scooter,1,1,Semi-Urban,47.0,20.968834115272433,5.0,19
0xd601,LUDHRES12DEL02,37,4.7,Cloudy,Jam,0,Snack,scooter,1,1,Semi-Urban,27.0,7.3253631982374,5.0,20
0xb3ed,MYSRES07DEL01,31,4.2,Stormy,Medium,2,Drinks,bicycle,0,1,Semi-Urban,32.0,6.217834398578936,5.0,15
0x5031,HYDRES19DEL03,29,4.7,Windy,Jam,0,Snack,scooter,1,1,Metropolitian,20.0,4.610035602260694,5.0,19
0x655c,MYSRES08DEL02,30,4.9,Windy,Jam,0,Drinks,scooter,2,1,Semi-Urban,44.0,20.20729968887068,5.0,21
0x834a,PUNERES06DEL01,29,5.0,Cloudy,Low,0,Drinks,scooter,1,1,Metropolitian,20.0,1.5322236104030795,15.0,11
0x24e5,VADRES11DEL01,32,4.7,Sandstorms,Low,2,Snack,scooter,1,1,Semi-Urban,28.0,1.5148048951935007,15.0,10
0xc03f,LUDHRES16DEL01,25,4.6,Windy,Low,2,Drinks,motorcycle,0,1,Metropolitian,13.0,1.4651858110914628,5.0,10
0x6abb,CHENRES010DEL02,35,4.7,Fog,Low,0,Meal,scooter,1,1,Semi-Urban,26.0,3.104556052438096,15.0,9
0xc0c1,AURGRES17DEL02,26,4.9,Cloudy,Jam,0,Meal,scooter,2,1,Semi-Urban,42.0,19.83950910656183,5.0,21
0xc16,MUMRES02DEL02,23,4.6,Sunny,Jam,1,Buffet,bicycle,0,1,Metropolitian,12.0,7.64610474832152,15.0,19
0x9c22,CHENRES08DEL02,30,4.8,Fog,Low,2,Snack,bicycle,0,1,Metropolitian,26.0,20.17918820668875,10.0,22
0x1b75,SURRES04DEL02,30,4.7,Sandstorms,Medium,1,Meal,bicycle,1,1,Semi-Urban,29.0,7.601304456856061,15.0,18
0x8aac,MYSRES06DEL02,23,4.6,Fog,Jam,1,Buffet,bicycle,1,1,Semi-Urban,39.0,12.435238152054547,15.0,19
0x7340,PUNERES09DEL02,32,5.0,Cloudy,Medium,2,Meal,bicycle,1,1,Semi-Urban,17.0,7.660898979387872,10.0,17
0x7de9,HYDRES12DEL01,26,4.7,Fog,Low,0,Meal,scooter,1,1,Metropolitian,24.0,16.902993744245755,5.0,22
0x18c5,INDORES010DEL02,30,4.7,Cloudy,Low,2,Buffet,scooter,1,1,Semi-Urban,19.0,3.0250984842245745,810.0,20
0x4255,CHENRES03DEL01,30,4.7,Sandstorms,Low,0,Drinks,scooter,1,1,Metropolitian,23.0,1.5522165637171133,740.0,20
0x302f,BANGRES01DEL01,37,4.6,Sandstorms,Low,2,Snack,scooter,1,1,Semi-Urban,27.0,1.5527001583674398,10.0,9
0x4f3f,PUNERES06DEL01,21,4.8,Windy,Medium,1,Snack,scooter,1,1,Semi-Urban,27.0,10.72467208673564,15.0,17
0x2c99,MUMRES07DEL01,28,4.1,Fog,Jam,2,Buffet,bicycle,0,1,Semi-Urban,39.0,10.708220667367794,15.0,20
0x273b,MUMRES14DEL01,33,4.9,Windy,Low,1,Snack,scooter,1,1,Semi-Urban,25.0,1.5294841760997977,15.0,8
0x7599,PUNERES12DEL02,25,4.8,Sandstorms,High,2,Drinks,motorcycle,1,1,Semi-Urban,20.0,3.064627592336888,15.0,11
0x6148,INDORES18DEL03,31,4.9,Sunny,Jam,2,Buffet,bicycle,0,1,Semi-Urban,17.0,4.537513326842717,5.0,21
0x2962,SURRES08DEL02,30,4.7,Sunny,Low,0,Snack,scooter,0,1,Metropolitian,21.0,19.760907746586085,215.0,20
0xaba1,SURRES19DEL02,31,5.0,Stormy,Low,2,Snack,scooter,1,1,Semi-Urban,25.0,3.0408931296411703,5.0,10
0x1aa6,INDORES14DEL02,39,5.0,Cloudy,Jam,0,Buffet,scooter,1,1,Semi-Urban,31.0,7.5620699721624804,5.0,19
0xca61,AGRRES07DEL02,38,4.5,Fog,Jam,2,Meal,bicycle,1,1,Metropolitian,27.0,7.441053171025902,5.0,21
0x6586,MYSRES08DEL02,21,4.2,Stormy,Low,0,Drinks,scooter,0,1,Metropolitian,25.0,7.772618958964861,5.0,22
0x2724,MYSRES12DEL01,27,4.6,Stormy,Medium,2,Drinks,motorcycle,0,1,Semi-Urban,27.0,10.881731319465791,15.0,17
0x81d1,MUMRES16DEL01,38,5.0,Sandstorms,High,0,Meal,scooter,1,1,Semi-Urban,33.0,1.529751878579505,5.0,11
0x6367,SURRES19DEL02,31,4.9,Fog,Medium,0,Snack,scooter,3,1,Semi-Urban,45.0,12.162424445777306,10.0,18
0x427e,BANGRES16DEL01,31,4.8,Sunny,Jam,1,Meal,scooter,1,1,Semi-Urban,23.0,10.866215152975023,15.0,20
0x9510,MYSRES20DEL01,34,4.3,Cloudy,Jam,2,Buffet,scooter,0,1,Metropolitian,39.0,10.880650831531838,15.0,21
0xbb1,BANGRES03DEL01,20,4.1,Cloudy,Medium,2,Snack,motorcycle,1,1,Semi-Urban,36.0,10.867285240714486,10.0,19
0xb1b1,BANGRES14DEL02,37,4.6,Windy,Low,0,Snack,scooter,1,1,Metropolitian,26.0,12.420345124240976,5.0,23
0x93b4,PUNERES01DEL03,20,4.7,Cloudy,Jam,1,Meal,scooter,1,1,Semi-Urban,28.0,9.192119121311745,5.0,21
0x8ab3,SURRES09DEL01,21,4.5,Cloudy,Low,0,Snack,scooter,1,1,Semi-Urban,17.0,1.5203447277401048,5.0,9
0xdb46,ALHRES17DEL02,24,4.6,Windy,Jam,0,Buffet,scooter,1,1,Semi-Urban,28.0,7.490130247612089,5.0,20
0x3d14,RANCHIRES11DEL03,37,4.8,Cloudy,Low,0,Meal,scooter,1,1,Semi-Urban,29.0,4.528162065607132,15.0,22
0xe257,DEHRES04DEL01,23,4.8,Sunny,Low,0,Meal,scooter,0,1,Semi-Urban,17.0,1.4687651667291866,15.0,8
0x96f5,COIMBRES02DEL03,26,4.8,Stormy,Jam,2,Drinks,bicycle,0,1,Metropolitian,18.0,14.021812013196106,15.0,20
0x2888,SURRES06DEL02,25,4.7,Stormy,Jam,1,Snack,scooter,0,1,Metropolitian,19.0,19.760178243292938,15.0,21
0xcf5e,KOCRES18DEL01,25,4.6,Cloudy,Low,0,Buffet,scooter,0,1,Semi-Urban,24.0,17.16665964124969,10.0,23
0xc20,VADRES01DEL03,24,5.0,Stormy,Jam,1,Meal,bicycle,0,1,Metropolitian,19.0,13.63144919848171,10.0,19
0x1e04,CHENRES06DEL02,31,4.0,Cloudy,Medium,1,Buffet,bicycle,1,1,Semi-Urban,33.0,12.417792351617555,15.0,18
0x895f,HYDRES16DEL01,33,4.9,Stormy,Jam,2,Snack,bicycle,1,1,Semi-Urban,28.0,16.90249592854745,5.0,19
0x1bf4,JAPRES02DEL03,34,4.2,Cloudy,Medium,0,Buffet,scooter,1,1,Metropolitian,31.0,8.93778311563518,10.0,18
0x2ce2,CHENRES11DEL01,31,4.7,Sandstorms,High,0,Drinks,scooter,2,1,Semi-Urban,44.0,6.209021101535612,15.0,13
0x887f,COIMBRES13DEL03,37,4.7,Fog,Jam,2,Snack,motorcycle,1,1,Metropolitian,27.0,4.67431885403065,10.0,21
0x1b86,MYSRES18DEL03,36,4.9,Sunny,Jam,0,Drinks,scooter,1,1,Semi-Urban,24.0,4.663310851898783,15.0,20
0xa2b2,INDORES09DEL03,21,4.9,Stormy,Medium,1,Buffet,scooter,1,1,Semi-Urban,27.0,9.075423573606574,15.0,17
0x593e,PUNERES02DEL01,34,4.0,Fog,Medium,2,Buffet,bicycle,1,1,Semi-Urban,37.0,10.724517748046024,15.0,18
0x181d,SURRES18DEL03,23,4.7,Stormy,Jam,1,Buffet,bicycle,0,1,Metropolitian,21.0,9.122100805601145,10.0,20
0xaf08,INDORES02DEL03,23,4.9,Sunny,Low,0,Buffet,scooter,1,1,Semi-Urban,26.0,13.615833459011268,10.0,22
0x7e24,SURRES16DEL01,32,4.7,Windy,Low,2,Meal,bicycle,0,1,Semi-Urban,21.0,16.721976048741215,5.0,23
0x8286,BANGRES08DEL02,31,4.6,Cloudy,Low,1,Drinks,bicycle,1,1,Semi-Urban,19.0,7.763607607839511,15.0,22
0x76b7,CHENRES08DEL02,38,4.0,Fog,Medium,1,Buffet,scooter,1,1,Semi-Urban,34.0,12.418575637818037,15.0,17
0x887a,COIMBRES11DEL01,37,4.8,Fog,High,2,Buffet,motorcycle,1,1,Semi-Urban,30.0,6.232393050016768,5.0,12
0xbcb9,MUMRES03DEL01,22,4.9,Fog,Low,0,Drinks,scooter,1,1,Semi-Urban,21.0,10.704161271430332,5.0,23
0x8876,RANCHIRES15DEL01,36,4.5,Stormy,Low,1,Buffet,scooter,1,1,Semi-Urban,28.0,1.5093844931452696,15.0,9
0xbe98,MUMRES06DEL01,28,4.9,Sandstorms,Medium,2,Snack,motorcycle,1,1,Semi-Urban,23.0,6.1198667120156145,15.0,15
0x3861,MYSRES20DEL03,37,4.9,Cloudy,Low,0,Buffet,scooter,1,1,Semi-Urban,29.0,9.32635938574064,5.0,22
0x8e0,MUMRES16DEL03,30,4.7,Cloudy,Medium,0,Drinks,scooter,1,1,Semi-Urban,33.0,4.589124571257244,1350.0,20
0x3f3f,MUMRES17DEL01,28,4.8,Cloudy,Low,1,Snack,bicycle,1,1,Semi-Urban,18.0,1.529743511582863,15.0,11
0x6bb9,SURRES03DEL03,32,4.9,Stormy,Jam,1,Meal,bicycle,1,1,Metropolitian,28.0,4.560734055769101,5.0,21
0xb17a,INDORES01DEL02,28,4.9,Cloudy,Low,0,Meal,scooter,1,1,Semi-Urban,20.0,19.663125922534896,5.0,22
0x17d4,HYDRES01DEL01,34,4.4,Fog,Jam,1,Drinks,bicycle,0,1,Semi-Urban,49.0,16.903843893839564,15.0,19
0x4313,PUNERES03DEL01,25,5.0,Sandstorms,High,2,Meal,scooter,1,1,Semi-Urban,27.0,6.128501214162246,15.0,13
0x3c06,MUMRES14DEL02,27,4.5,Cloudy,Low,2,Drinks,bicycle,1,1,Metropolitian,24.0,12.234645517155796,5.0,23
0x7182,SURRES02DEL03,34,4.8,Fog,Low,0,Meal,scooter,1,1,Semi-Urban,21.0,9.121044921629522,10.0,23
0x4c0f,CHENRES14DEL03,37,5.0,Cloudy,Jam,2,Drinks,scooter,1,1,Semi-Urban,25.0,9.314044193379946,5.0,20
0x21a3,HYDRES11DEL03,33,4.7,Stormy,Low,2,Buffet,bicycle,1,1,Semi-Urban,21.0,4.6103798439313035,15.0,23
0x3c01,BANGRES20DEL01,32,4.5,Sunny,High,1,Meal,scooter,0,1,Metropolitian,20.0,6.210145663324764,10.0,13
0x1f07,JAPRES11DEL03,36,4.1,Windy,Jam,0,Snack,scooter,0,1,Semi-Urban,35.0,20.85246332426527,15.0,19
0xb05f,MUMRES13DEL03,21,4.9,Stormy,Low,2,Meal,motorcycle,0,1,Semi-Urban,16.0,4.588360239493078,10.0,22
0x6d7f,MYSRES010DEL03,30,3.2,Sunny,Low,0,Drinks,scooter,1,1,Semi-Urban,31.0,13.989584724635527,5.0,23
0x44c1,MUMRES07DEL03,24,4.7,Windy,Medium,2,Meal,bicycle,1,1,Metropolitian,24.0,4.589499486380355,5.0,18
0x21e5,HYDRES06DEL02,36,4.9,Stormy,Low,1,Drinks,bicycle,1,1,Semi-Urban,29.0,7.683253857182166,5.0,0
0xcd9b,BHPRES18DEL01,25,5.0,Stormy,Medium,2,Meal,motorcycle,1,1,Semi-Urban,20.0,6.040034059163726,15.0,15
0xb2ac,MYSRES18DEL02,24,5.0,Sandstorms,Low,2,Buffet,bicycle,0,1,Semi-Urban,11.0,12.434914295120448,5.0,22
0x7dc9,CHENRES05DEL03,33,4.6,Fog,Jam,0,Buffet,scooter,1,1,Metropolitian,29.0,4.656862974505059,15.0,20
0xc26d,KOLRES20DEL03,21,4.9,Cloudy,Medium,1,Meal,bicycle,0,1,Semi-Urban,11.0,4.541158367023063,15.0,19
0x2492,INDORES09DEL01,27,4.9,Stormy,Low,0,Buffet,scooter,1,1,Semi-Urban,21.0,16.636875038860897,5.0,23
0x6f92,HYDRES02DEL02,34,4.8,Fog,Low,2,Snack,bicycle,0,1,Semi-Urban,18.0,3.0737721530635387,15.0,10
0xbbb2,COIMBRES12DEL01,29,4.9,Sunny,Jam,0,Meal,scooter,1,1,Semi-Urban,24.0,17.138105845700238,5.0,19
0xbf2b,LUDHRES17DEL03,30,4.7,Cloudy,Jam,2,Snack,motorcycle,0,1,Semi-Urban,29.0,4.395410042540846,1375.0,20
0x2654,PUNERES03DEL02,37,4.3,Fog,Jam,1,Buffet,bicycle,1,1,Semi-Urban,35.0,7.66052012420465,15.0,21
0x328c,INDORES08DEL01,38,4.5,Fog,High,2,Meal,bicycle,1,1,Semi-Urban,30.0,6.0504060616582525,10.0,13
0x11a8,BANGRES08DEL02,34,4.7,Windy,Jam,1,Meal,bicycle,0,1,Metropolitian,29.0,12.421407858787804,10.0,20
0x1abe,MUMRES04DEL02,39,4.5,Sandstorms,Low,0,Meal,scooter,1,1,Metropolitian,22.0,12.232070021478211,5.0,22
0x8a33,SURRES17DEL01,21,4.9,Stormy,High,1,Snack,scooter,1,1,Semi-Urban,24.0,6.081596950437154,10.0,14
0xc57a,DEHRES05DEL02,37,4.2,Fog,Jam,1,Snack,scooter,1,1,Semi-Urban,45.0,11.74800430051281,15.0,19
0x4fa3,BANGRES19DEL02,35,4.8,Windy,Medium,1,Meal,scooter,1,1,Semi-Urban,30.0,20.18348136584519,15.0,17
0x3312,RANCHIRES01DEL01,34,5.0,Fog,High,0,Snack,scooter,1,1,Semi-Urban,29.0,6.036244196933988,10.0,12
0x6e24,COIMBRES11DEL01,25,4.3,Cloudy,Jam,2,Meal,scooter,1,1,Semi-Urban,34.0,17.138077427627863,5.0,21
0x82ac,BANGRES08DEL02,27,4.9,Sandstorms,Low,2,Snack,bicycle,1,1,Semi-Urban,17.0,12.421407858787804,15.0,22
0x876,PUNERES18DEL01,30,4.7,Fog,Low,2,Meal,bicycle,0,1,Metropolitian,29.0,16.849904095492622,130.0,20
0xe1c3,GOARES03DEL03,29,4.8,Sunny,Jam,1,Drinks,bicycle,0,1,Semi-Urban,14.0,4.631634621028435,10.0,21
0x1f54,INDORES15DEL03,30,3.6,Stormy,Medium,2,Meal,bicycle,1,1,Metropolitian,32.0,13.610877575672198,5.0,17
0x2ff9,COIMBRES18DEL02,30,4.0,Fog,Jam,1,Meal,bicycle,1,1,Semi-Urban,38.0,20.253101372632372,10.0,20
0xaa5c,MYSRES12DEL02,24,4.8,Cloudy,Low,1,Meal,bicycle,1,1,Semi-Urban,24.0,20.207797933358158,10.0,23
0xa4de,VADRES01DEL01,33,4.8,Sandstorms,Medium,2,Meal,bicycle,1,1,Metropolitian,22.0,16.660108123693192,15.0,17
0x738b,PUNERES07DEL01,36,4.6,Windy,Jam,1,Buffet,scooter,1,1,Metropolitian,27.0,10.72465156807538,5.0,20
0xa3c5,CHENRES010DEL02,30,4.8,Sunny,Jam,1,Buffet,bicycle,1,1,Semi-Urban,18.0,12.417487520918895,10.0,21
0x8f79,RANCHIRES20DEL02,29,4.5,Windy,Jam,1,Meal,bicycle,1,1,Semi-Urban,15.0,19.615926964388624,10.0,20
0x29f7,JAPRES08DEL02,26,4.8,Fog,Low,2,Snack,motorcycle,0,1,Metropolitian,14.0,7.448412467877649,15.0,22
0x64af,COIMBRES010DEL02,26,4.9,Stormy,Jam,1,Drinks,bicycle,1,1,Semi-Urban,24.0,20.25378851608599,15.0,19
0xbf0e,GOARES04DEL03,30,4.7,Cloudy,Low,1,Snack,scooter,1,1,Semi-Urban,18.0,4.631691361204381,155.0,20
0x22ba,MYSRES010DEL02,26,4.9,Sandstorms,Low,2,Buffet,motorcycle,0,1,Metropolitian,17.0,20.206420943723728,15.0,22
0x6425,CHENRES11DEL02,37,4.7,Stormy,Low,1,Drinks,scooter,0,1,Metropolitian,25.0,3.1045718665451782,10.0,8
0x739d,BANGRES03DEL01,39,4.2,Sandstorms,Medium,0,Drinks,scooter,1,1,Semi-Urban,47.0,10.867285240714486,15.0,17
0x387a,JAPRES15DEL01,21,4.5,Sandstorms,High,1,Meal,scooter,1,1,Semi-Urban,29.0,5.9592931098219735,10.0,12
0x9bd3,CHENRES17DEL01,23,4.5,Sandstorms,Medium,2,Buffet,bicycle,1,1,Semi-Urban,17.0,10.86586608780909,5.0,17
0x81d9,MUMRES06DEL02,25,4.9,Fog,Medium,2,Meal,bicycle,0,1,Metropolitian,10.0,7.649724402449684,15.0,17
0x632e,CHENRES11DEL03,21,4.9,Fog,Jam,0,Meal,scooter,1,1,Semi-Urban,48.0,13.96960642768458,5.0,19
0xcba5,DEHRES08DEL03,36,4.4,Fog,Jam,2,Snack,bicycle,1,1,Semi-Urban,44.0,20.555166462971748,10.0,21
0x3ae1,MUMRES14DEL01,35,4.6,Sunny,Medium,1,Drinks,scooter,1,1,Metropolitian,21.0,10.70546847853061,5.0,18
0x588d,COIMBRES18DEL03,20,4.6,Fog,Low,2,Drinks,motorcycle,1,1,Semi-Urban,23.0,14.021848812228344,10.0,22
0x9653,JAPRES02DEL03,33,4.9,Fog,Low,0,Snack,scooter,1,1,Semi-Urban,24.0,4.4691549592640305,10.0,22
0x1fa1,RANCHIRES13DEL02,24,4.6,Fog,High,0,Drinks,scooter,0,1,Semi-Urban,27.0,3.0186622920269803,15.0,11
0x4856,VADRES01DEL01,33,4.7,Cloudy,High,0,Buffet,scooter,1,1,Semi-Urban,31.0,1.5148058859292481,5.0,11
0xdfe2,AGRRES14DEL01,35,4.7,Windy,Medium,0,Buffet,scooter,1,1,Semi-Urban,27.0,5.952938861056149,10.0,16
0xa036,PUNERES13DEL01,35,4.8,Windy,Medium,1,Meal,bicycle,0,1,Semi-Urban,29.0,10.724189700859583,15.0,18
0xd14,BANGRES01DEL03,33,4.3,Cloudy,Jam,2,Buffet,bicycle,2,1,Semi-Urban,45.0,13.973207156405252,5.0,20
0x7383,MYSRES18DEL03,29,4.6,Sandstorms,Low,2,Buffet,motorcycle,1,1,Semi-Urban,18.0,4.663310851898783,10.0,23
0x440c,COIMBRES05DEL03,36,4.2,Fog,Jam,1,Meal,bicycle,1,1,Semi-Urban,34.0,9.348114492434787,10.0,21
0x5442,VADRES11DEL02,20,4.9,Sunny,Jam,1,Meal,bicycle,1,1,Semi-Urban,19.0,7.5735237341835395,5.0,20
0x7f22,PUNERES17DEL01,34,4.3,Windy,Jam,2,Snack,motorcycle,1,1,Semi-Urban,44.0,10.725127399399225,15.0,21
0x952a,SURRES15DEL03,33,4.6,Sunny,Jam,0,Snack,scooter,0,1,Semi-Urban,26.0,4.561112369847916,5.0,19
0x2e61,PUNERES12DEL02,32,4.7,Cloudy,Jam,0,Snack,scooter,1,2,Semi-Urban,53.0,19.917038235830073,15.0,19
0x32bc,PUNERES19DEL01,30,4.7,Cloudy,Low,2,Meal,bicycle,0,1,Metropolitian,15.0,1.532229188735096,750.0,20
0xbbca,VADRES01DEL01,39,4.8,Fog,Jam,1,Meal,bicycle,1,1,Semi-Urban,41.0,16.660108123693192,5.0,21
0xb239,BANGRES010DEL01,32,4.8,Sunny,High,0,Buffet,scooter,0,1,Semi-Urban,24.0,1.5527001159059903,15.0,11
0x8b0c,INDORES15DEL01,33,4.9,Cloudy,High,2,Buffet,scooter,2,1,Semi-Urban,34.0,1.5125236323325255,5.0,11
0x3913,MUMRES02DEL02,37,4.9,Cloudy,Jam,0,Drinks,scooter,1,1,Semi-Urban,26.0,7.64610474832152,10.0,20
0x3206,PUNERES14DEL01,30,4.7,Fog,Low,0,Buffet,scooter,1,1,Semi-Urban,27.0,1.5323511358881128,10.0,8
0x90c1,MYSRES18DEL01,20,5.0,Sunny,Medium,1,Buffet,scooter,0,1,Semi-Urban,11.0,17.09752652782741,10.0,17
0x324c,BANGRES11DEL02,35,3.4,Sunny,Low,0,Meal,scooter,1,1,Semi-Urban,31.0,20.182685858169084,15.0,23
0x9d7d,MUMRES12DEL01,33,4.9,Fog,Jam,0,Snack,scooter,0,2,Semi-Urban,43.0,16.82066030021692,10.0,21
0xd14f,AURGRES17DEL02,31,4.8,Windy,Jam,0,Buffet,scooter,1,1,Semi-Urban,47.0,7.631487330979372,5.0,19
0xc6c,RANCHIRES06DEL02,36,4.8,Fog,Jam,1,Drinks,scooter,1,1,Semi-Urban,25.0,7.546712474612512,15.0,20
0x89c7,PUNERES03DEL02,34,4.7,Stormy,High,1,Snack,scooter,1,1,Semi-Urban,27.0,3.064335674796853,15.0,11
0x73b0,MUMRES010DEL01,21,4.6,Windy,Jam,1,Snack,bicycle,1,1,Semi-Urban,22.0,16.83046129455743,10.0,21
0xd7c7,LUDHRES05DEL02,28,4.8,Fog,Medium,1,Snack,scooter,0,1,Semi-Urban,12.0,7.324963249883455,5.0,17
0x244d,CHENRES010DEL02,28,5.0,Fog,Low,2,Snack,motorcycle,0,1,Semi-Urban,15.0,3.104556052438096,15.0,8
0x5ab9,COIMBRES17DEL03,21,4.6,Sunny,Medium,0,Drinks,scooter,1,1,Metropolitian,24.0,14.021726512881596,10.0,17
0xd4f9,AGRRES12DEL02,35,4.1,Sandstorms,Medium,2,Drinks,motorcycle,1,1,Semi-Urban,32.0,7.440930174365867,10.0,17
0x8677,INDORES12DEL01,31,4.7,Cloudy,Medium,0,Drinks,scooter,1,1,Semi-Urban,28.0,6.0500335924587025,10.0,16
0x61f9,MYSRES15DEL02,33,4.7,Sunny,Jam,1,Drinks,bicycle,1,1,Semi-Urban,19.0,20.20525323529291,5.0,19
0x7bcd,PUNERES16DEL02,29,4.7,Cloudy,Low,1,Buffet,bicycle,1,1,Semi-Urban,14.0,3.0644857806760535,10.0,8
0x7407,SURRES16DEL02,28,5.0,Sandstorms,Low,1,Drinks,scooter,0,1,Semi-Urban,14.0,19.76171176132034,10.0,23
0x31be,SURRES17DEL03,29,4.9,Cloudy,Jam,2,Buffet,motorcycle,1,1,Semi-Urban,32.0,9.122108408658214,5.0,20
0x7d6f,HYDRES04DEL01,37,4.9,Cloudy,High,0,Drinks,scooter,1,1,Semi-Urban,33.0,1.5369113551350593,5.0,11
0xd020,AGRRES14DEL03,38,4.4,Windy,Jam,0,Drinks,scooter,1,1,Semi-Urban,38.0,8.929054495274071,15.0,20
0x922c,MUMRES14DEL03,24,4.6,Fog,Jam,2,Buffet,scooter,1,1,Semi-Urban,27.0,9.17624749258827,10.0,20
0x5114,JAPRES19DEL02,38,4.8,Fog,Jam,2,Snack,scooter,2,1,Semi-Urban,36.0,7.448311138215936,10.0,21
0x10be,BANGRES09DEL03,27,4.8,Fog,Low,1,Snack,bicycle,1,1,Semi-Urban,18.0,4.658001279265391,10.0,23
0x742a,COIMBRES08DEL01,32,4.7,Fog,Low,0,Drinks,scooter,1,1,Semi-Urban,26.0,1.5581369822072066,15.0,8
0x1d09,BANGRES04DEL01,28,4.7,Windy,Jam,1,Drinks,scooter,1,1,Semi-Urban,24.0,17.07644834661623,5.0,19
0x527d,RANCHIRES15DEL01,34,4.5,Sandstorms,Low,0,Drinks,scooter,0,1,Metropolitian,24.0,1.5093844931452696,15.0,9
0x708d,RANCHIRES16DEL01,36,4.2,Cloudy,Low,2,Buffet,motorcycle,0,1,Semi-Urban,33.0,16.600272418856072,10.0,22
0xa38,CHENRES19DEL02,30,4.7,Sunny,Medium,2,Drinks,bicycle,1,1,Semi-Urban,19.0,20.180635114114718,1300.0,20
0xf18,JAPRES12DEL03,29,4.9,Fog,Jam,2,Meal,bicycle,0,1,Semi-Urban,30.0,4.469352052738077,5.0,19
0x17b8,COIMBRES16DEL03,38,4.8,Fog,Low,1,Buffet,scooter,1,1,Semi-Urban,19.0,4.674266565274251,10.0,22
0x358f,SURRES07DEL01,23,4.6,Windy,Jam,0,Snack,scooter,1,1,Semi-Urban,30.0,16.72143013885536,15.0,19
0xe282,AGRRES12DEL03,34,4.2,Stormy,Medium,0,Meal,scooter,1,1,Semi-Urban,37.0,4.464734973807576,5.0,17
0xca32,KOCRES13DEL01,22,4.8,Windy,Medium,2,Snack,bicycle,1,1,Semi-Urban,21.0,6.242426324082786,15.0,15
0x35e8,MYSRES010DEL02,30,5.0,Windy,Medium,0,Drinks,scooter,0,1,Metropolitian,30.0,12.435302723482724,10.0,18
0x3140,RANCHIRES07DEL03,32,4.2,Fog,Jam,1,Snack,scooter,0,1,Semi-Urban,39.0,4.528158738548494,15.0,22
0x93b0,CHENRES15DEL03,26,5.0,Stormy,Medium,1,Meal,bicycle,0,1,Semi-Urban,26.0,9.314044064891696,5.0,18
0x8f94,CHENRES06DEL01,23,4.6,Stormy,Jam,2,Meal,bicycle,0,1,Semi-Urban,28.0,10.865675782880029,10.0,19
0xc19a,BHPRES17DEL02,34,3.8,Windy,Jam,2,Meal,bicycle,0,1,Semi-Urban,44.0,19.628127535448083,5.0,19
0xa7a9,PUNERES05DEL03,23,4.6,Stormy,Jam,1,Buffet,scooter,1,1,Metropolitian,15.0,13.788581570141362,5.0,21
0x6523,PUNERES04DEL03,22,4.6,Fog,Low,2,Snack,motorcycle,1,1,Semi-Urban,19.0,9.193520993944183,5.0,23
0x6874,MYSRES17DEL02,28,4.6,Sandstorms,Jam,2,Meal,bicycle,0,1,Semi-Urban,27.0,20.206226468830582,15.0,20
0x43be,JAPRES11DEL02,38,4.8,Stormy,Low,2,Drinks,motorcycle,0,1,Metropolitian,22.0,2.979626144829987,15.0,8
0xc355,BHPRES20DEL01,39,4.1,Windy,Medium,1,Drinks,bicycle,0,1,Semi-Urban,38.0,10.569496921731531,5.0,18
0x5748,HYDRES010DEL03,26,4.7,Sunny,Medium,0,Meal,scooter,1,1,Metropolitian,15.0,9.220449825751995,5.0,18
0x95c7,SURRES09DEL02,20,4.8,Cloudy,Low,1,Drinks,bicycle,1,1,Metropolitian,26.0,12.161417162421785,10.0,23
0x4765,JAPRES16DEL03,23,4.5,Stormy,Jam,1,Drinks,bicycle,1,1,Semi-Urban,19.0,20.856833724898493,15.0,19
0x6e1d,JAPRES16DEL01,25,4.0,Sandstorms,Jam,0,Buffet,scooter,1,1,Metropolitian,31.0,10.429850454296803,15.0,19
0xb9fe,HYDRES17DEL02,37,4.6,Cloudy,Low,0,Buffet,scooter,1,1,Semi-Urban,25.0,7.683332672259472,5.0,0
0x942,CHENRES09DEL02,30,4.7,Sunny,Low,3,Meal,bicycle,1,1,Semi-Urban,29.0,3.1046911695399038,725.0,20
0xa58a,PUNERES11DEL01,30,3.8,Windy,Jam,1,Drinks,scooter,1,1,Semi-Urban,38.0,10.72504264384306,15.0,21
0xa0a6,CHENRES06DEL01,27,4.6,Fog,Medium,0,Drinks,scooter,1,1,Metropolitian,29.0,6.209141643213009,5.0,15
0x7d2d,MUMRES01DEL02,27,4.6,Stormy,Jam,1,Snack,scooter,1,1,Metropolitian,18.0,19.88298786811286,10.0,20
0x2bfb,BANGRES010DEL03,37,4.3,Sandstorms,Low,0,Snack,scooter,1,1,Semi-Urban,34.0,4.658009301231346,5.0,22
0xbf68,AURGRES04DEL03,39,4.9,Cloudy,Jam,0,Drinks,scooter,1,1,Semi-Urban,25.0,9.157673042594519,5.0,20
0x52c2,COIMBRES01DEL03,22,4.6,Cloudy,Low,2,Drinks,scooter,0,1,Metropolitian,10.0,4.674220356187266,15.0,0
0x7c97,COIMBRES03DEL02,24,2.8,Sunny,Low,2,Buffet,bicycle,1,1,Semi-Urban,42.0,12.463883024166657,10.0,22
0x56d4,RANCHIRES16DEL02,34,5.0,Sunny,Low,0,Snack,scooter,1,1,Metropolitian,21.0,19.617824561450774,15.0,23
0x3127,PUNERES04DEL01,26,4.4,Cloudy,High,2,Snack,scooter,1,1,Metropolitian,32.0,6.12918392293498,5.0,13
0xc82e,AGRRES11DEL02,32,4.2,Windy,Low,0,Snack,scooter,0,1,Semi-Urban,33.0,2.976570182999729,5.0,8
0x82bc,COIMBRES010DEL03,39,5.0,Windy,Low,2,Drinks,bicycle,0,1,Semi-Urban,28.0,14.022268860182423,5.0,22
0xab9f,BANGRES06DEL02,25,4.8,Sandstorms,Medium,2,Snack,bicycle,1,1,Metropolitian,24.0,7.762500242365753,10.0,17
0x9a76,CHENRES19DEL03,24,4.7,Sandstorms,Jam,2,Drinks,bicycle,1,1,Semi-Urban,21.0,13.971759900424741,10.0,21
0x8361,COIMBRES05DEL01,22,4.1,Cloudy,Medium,1,Buffet,bicycle,1,1,Semi-Urban,33.0,10.906042243292653,15.0,17
0xcb46,KNPRES19DEL02,24,4.3,Fog,Jam,1,Drinks,scooter,1,1,Semi-Urban,40.0,19.394555235256966,10.0,20
0xd78c,GOARES01DEL02,20,4.9,Fog,Low,1,Buffet,scooter,1,1,Semi-Urban,16.0,3.087779183156497,15.0,10
0x7cfe,MUMRES19DEL02,39,4.8,Cloudy,Jam,0,Meal,scooter,0,1,Metropolitian,27.0,7.648080628607945,15.0,21
0x8984,MUMRES17DEL02,26,4.7,Stormy,Low,0,Buffet,scooter,1,1,Semi-Urban,18.0,12.236723616598548,10.0,23
0x1d75,COIMBRES010DEL01,27,4.3,Stormy,Low,0,Buffet,scooter,1,1,Metropolitian,20.0,1.55813398149798,10.0,8
0xe6b,RANCHIRES04DEL03,30,4.7,Cloudy,Jam,2,Snack,scooter,1,1,Metropolitian,21.0,9.05586019430546,1410.0,20
0x396d,RANCHIRES13DEL02,35,4.6,Cloudy,Jam,2,Snack,bicycle,3,2,Metropolitian,47.0,19.617573744443128,5.0,21
0xb01e,SURRES09DEL01,31,4.6,Cloudy,Jam,2,Snack,bicycle,1,1,Semi-Urban,42.0,16.72115728076054,15.0,19
0x3880,PUNERES06DEL03,24,4.9,Cloudy,Jam,2,Buffet,bicycle,1,1,Metropolitian,21.0,4.596543327364382,15.0,22
0xac1c,RANCHIRES13DEL02,24,4.9,Windy,Low,0,Drinks,scooter,1,1,Metropolitian,17.0,19.617573744443128,10.0,23
0x5a9e,VADRES19DEL02,21,4.8,Windy,Low,2,Buffet,motorcycle,0,1,Metropolitian,14.0,19.688308620509066,5.0,23
0x8d3a,SURRES01DEL02,34,4.1,Sandstorms,Jam,0,Meal,scooter,1,1,Semi-Urban,46.0,19.760091519675676,15.0,20
0xbb94,PUNERES12DEL02,21,4.3,Sunny,Jam,0,Snack,scooter,0,2,Semi-Urban,52.0,7.661250453808297,10.0,20
0x217d,RANCHIRES19DEL03,36,4.4,Cloudy,Low,2,Meal,scooter,0,1,Semi-Urban,36.0,13.584306064167167,15.0,22
0x7c86,INDORES01DEL01,29,4.7,Cloudy,Jam,0,Drinks,scooter,0,1,Semi-Urban,48.0,10.588906536688087,15.0,20
0x45cd,HYDRES03DEL01,39,4.6,Windy,Low,2,Snack,scooter,1,1,Semi-Urban,26.0,1.536864059415262,5.0,11
0xe27d,LUDHRES09DEL02,32,4.0,Cloudy,Jam,2,Snack,bicycle,1,1,Metropolitian,46.0,11.720187303218541,5.0,19
0x5a2b,INDORES11DEL01,35,5.0,Cloudy,Low,2,Drinks,bicycle,0,1,Metropolitian,15.0,1.5125686168842198,10.0,9
0x274a,SURRES19DEL01,35,4.0,Windy,Jam,0,Meal,scooter,0,1,Semi-Urban,50.0,16.722543155307,10.0,21
0xb9e,JAPRES010DEL01,35,4.7,Cloudy,Jam,1,Snack,bicycle,1,1,Semi-Urban,41.0,16.383856071848083,5.0,21
0xd006,DEHRES14DEL02,28,4.6,Stormy,Jam,1,Snack,scooter,0,1,Metropolitian,11.0,7.34386385823289,10.0,21
0xa03f,HYDRES07DEL01,26,4.5,Sunny,High,0,Buffet,scooter,1,1,Semi-Urban,40.0,6.147194518583351,15.0,13
0xa07e,MUMRES02DEL01,25,4.2,Fog,Jam,2,Snack,scooter,1,1,Semi-Urban,43.0,10.704238934519317,10.0,20
0x618b,HYDRES18DEL02,30,4.7,Fog,Medium,0,Drinks,scooter,1,1,Semi-Urban,29.0,7.683355299930933,1295.0,20
0x734b,MYSRES13DEL01,27,5.0,Windy,Jam,1,Snack,bicycle,0,1,Semi-Urban,25.0,17.09838855662463,5.0,20
0xca87,KOLRES010DEL01,25,4.8,Stormy,High,2,Meal,scooter,0,1,Semi-Urban,20.0,1.5136443701721214,15.0,11
0x89dc,MYSRES08DEL03,33,4.5,Windy,Medium,1,Buffet,scooter,0,1,Metropolitian,21.0,13.990192142064847,15.0,17
0x54f0,CHENRES03DEL02,26,4.6,Sandstorms,Medium,2,Snack,bicycle,1,1,Semi-Urban,23.0,20.176414243687514,5.0,18
0xccbc,GOARES17DEL01,32,4.1,Stormy,Jam,0,Drinks,scooter,1,1,Metropolitian,38.0,10.808630377209381,10.0,20
0x84ef,PUNERES18DEL01,38,4.1,Windy,Medium,2,Buffet,bicycle,1,1,Semi-Urban,39.0,10.723264172167632,15.0,18
0x95e,RANCHIRES15DEL02,30,4.7,Sandstorms,Jam,1,Buffet,scooter,1,1,Semi-Urban,27.0,7.546401421474661,55.0,20
0x689e,HYDRES05DEL03,23,4.8,Sunny,Jam,1,Drinks,scooter,1,1,Semi-Urban,18.0,4.610339345524684,15.0,19
0x5c2c,JAPRES18DEL01,25,4.5,Fog,Low,2,Drinks,bicycle,1,1,Semi-Urban,27.0,16.384334344092046,5.0,23
0x7f3c,MYSRES15DEL01,38,4.8,Windy,High,1,Meal,scooter,1,1,Semi-Urban,30.0,6.217525604924386,10.0,12
0x59c,JAPRES11DEL01,30,4.7,Fog,Low,0,Snack,scooter,1,1,Semi-Urban,21.0,16.385045825961107,215.0,20
0x5e51,COIMBRES01DEL02,30,4.7,Stormy,Low,2,Snack,bicycle,1,1,Semi-Urban,27.0,12.464066309794568,5.0,22
0xa05,CHENRES08DEL02,37,4.1,Sandstorms,Medium,2,Snack,bicycle,2,1,Semi-Urban,32.0,7.761839422154042,15.0,17
0x625,VADRES03DEL02,30,4.7,Sunny,Low,3,Snack,bicycle,1,1,Semi-Urban,38.0,19.68777669417997,1340.0,20
0xd76b,BHPRES04DEL02,34,4.4,Stormy,High,1,Buffet,bicycle,1,1,Semi-Urban,31.0,3.0206347310381325,5.0,11
0x93b1,BANGRES010DEL02,29,4.5,Windy,Medium,2,Snack,motorcycle,1,1,Semi-Urban,26.0,12.420750050313671,15.0,17
0xad61,MUMRES05DEL02,28,4.7,Sandstorms,Low,1,Drinks,scooter,1,1,Semi-Urban,16.0,3.0611340136861775,15.0,9
0x8d9e,COIMBRES06DEL01,29,4.6,Sunny,Jam,2,Drinks,motorcycle,1,1,Semi-Urban,15.0,10.906058503327221,15.0,19
0xba19,BANGRES010DEL01,20,5.0,Cloudy,Jam,2,Meal,scooter,1,1,Metropolitian,30.0,17.078028601490022,15.0,20
0xa862,INDORES07DEL01,38,4.8,Fog,Jam,2,Drinks,bicycle,2,1,Semi-Urban,40.0,10.587929946825925,15.0,21
0x8a73,CHENRES010DEL03,32,4.6,Cloudy,Medium,1,Meal,bicycle,1,1,Semi-Urban,15.0,4.656788095044164,15.0,17
0x4a70,CHENRES15DEL03,24,4.7,Windy,Low,2,Buffet,bicycle,1,1,Semi-Urban,17.0,4.657159718107683,15.0,23
0x5fc,INDORES11DEL03,50,6.0,Sunny,Low,3,Buffet,bicycle,0,1,Semi-Urban,28.0,4.537553114731602,5.0,20
0x89a6,BANGRES02DEL01,23,5.0,Stormy,Medium,0,Meal,scooter,1,1,Semi-Urban,16.0,6.210169290102755,10.0,15
0x21b3,RANCHIRES19DEL01,20,4.8,Sunny,Low,0,Drinks,scooter,0,1,Semi-Urban,24.0,10.565936169903516,10.0,22
0xa9a1,MUMRES08DEL01,26,3.9,Sunny,High,0,Buffet,scooter,1,2,Metropolitian,49.0,1.5299884479314707,5.0,12
0x28e5,VADRES19DEL01,20,4.9,Sunny,High,2,Buffet,motorcycle,1,1,Semi-Urban,17.0,6.058844117462931,15.0,14
0xc3c5,BHPRES03DEL03,36,4.6,Sandstorms,Medium,2,Buffet,motorcycle,1,1,Semi-Urban,31.0,9.060372371427242,10.0,17
0x2cf4,MUMRES06DEL02,39,4.9,Sunny,Jam,0,Buffet,scooter,1,1,Semi-Urban,23.0,7.649724402449684,15.0,21
0x7642,JAPRES11DEL01,38,4.9,Sunny,Low,1,Buffet,scooter,0,1,Semi-Urban,19.0,1.4898423067405666,15.0,8
0x9235,MUMRES08DEL03,27,4.5,Cloudy,Jam,0,Snack,scooter,0,1,Semi-Urban,22.0,9.179276688028636,10.0,21
0x1643,INDORES12DEL01,24,4.6,Fog,Low,1,Meal,scooter,1,1,Metropolitian,25.0,10.587023705098991,5.0,23
0x624c,MUMRES06DEL02,28,4.6,Fog,Low,1,Meal,scooter,0,1,Semi-Urban,29.0,12.239035527316306,15.0,23
0x4bac,MYSRES02DEL01,28,4.6,Cloudy,Jam,1,Buffet,bicycle,1,1,Semi-Urban,34.0,17.098593053938863,5.0,19
0x658,INDORES06DEL01,30,4.0,Cloudy,High,2,Buffet,motorcycle,0,1,Semi-Urban,39.0,6.050438648835732,15.0,12
0x2a5e,VADRES20DEL03,29,4.1,Sunny,Jam,0,Drinks,scooter,1,1,Semi-Urban,42.0,4.544215521132342,15.0,19
0x4fd0,INDORES19DEL01,30,5.0,Sunny,Low,2,Drinks,bicycle,1,1,Semi-Urban,19.0,1.5125976112065025,5.0,9
0x231e,BANGRES20DEL01,30,4.7,Windy,Low,2,Buffet,bicycle,0,1,Semi-Urban,14.0,1.5525820816228664,835.0,20
0x46cb,SURRES17DEL02,37,5.0,Windy,Jam,2,Buffet,bicycle,0,1,Semi-Urban,33.0,7.601876617115989,10.0,20
0xa92c,BANGRES02DEL03,37,4.8,Sandstorms,Low,2,Drinks,scooter,1,1,Semi-Urban,22.0,4.657672650623545,10.0,22
0x8aff,CHENRES01DEL02,29,4.8,Cloudy,Jam,0,Meal,scooter,2,1,Semi-Urban,43.0,12.41898167230365,10.0,21
0x4400,JAPRES04DEL03,38,5.0,Cloudy,Medium,2,Snack,bicycle,2,1,Semi-Urban,42.0,13.406506203190967,15.0,18
0x788,COIMBRES03DEL01,25,4.7,Sandstorms,Low,1,Snack,bicycle,0,1,Semi-Urban,19.0,10.90598905626876,15.0,22
0x649b,COIMBRES01DEL02,34,4.8,Stormy,Low,2,Snack,bicycle,1,1,Semi-Urban,29.0,7.790237052802913,15.0,0
0xbf71,GOARES14DEL01,34,4.7,Sunny,Jam,1,Drinks,scooter,1,1,Semi-Urban,20.0,10.817079414296114,5.0,21
0x1241,MUMRES20DEL02,24,5.0,Stormy,Jam,0,Meal,scooter,0,1,Semi-Urban,29.0,19.88431857497891,15.0,20
0xb3db,MYSRES18DEL01,21,4.6,Sandstorms,High,1,Meal,bicycle,0,1,Metropolitian,14.0,6.217689735000026,10.0,13
0x9e9a,PUNERES20DEL03,39,4.6,Stormy,Medium,2,Snack,motorcycle,0,1,Semi-Urban,34.0,9.19151681625338,15.0,17
0x5db,HYDRES06DEL01,30,4.7,Cloudy,Medium,0,Buffet,scooter,0,2,Semi-Urban,47.0,10.756273454297123,10.0,17
0x928e,RANCHIRES18DEL03,24,4.5,Sandstorms,Jam,1,Snack,bicycle,1,1,Metropolitian,19.0,13.583440059634135,15.0,19
0xd3bd,KOLRES01DEL03,35,4.8,Sandstorms,Medium,1,Meal,scooter,1,1,Semi-Urban,24.0,13.62208523449083,5.0,17
0x2074,JAPRES14DEL01,26,4.9,Sunny,High,2,Snack,bicycle,0,1,Metropolitian,13.0,1.4899271643865588,10.0,11
0x6485,INDORES14DEL03,29,4.6,Sandstorms,Medium,2,Meal,motorcycle,1,1,Semi-Urban,22.0,9.074331008326515,5.0,17
0x1b5a,PUNERES05DEL01,30,4.7,Sandstorms,Low,2,Snack,motorcycle,0,1,Metropolitian,11.0,16.852241972645785,120.0,20
0x31c6,CHENRES03DEL01,30,4.7,Sunny,Low,1,Buffet,bicycle,1,1,Semi-Urban,16.0,1.5522165637171133,10.0,8
0xad9b,COIMBRES15DEL01,22,4.8,Windy,Low,2,Snack,scooter,0,1,Metropolitian,12.0,17.13793593144315,15.0,22
0x805f,PUNERES19DEL01,33,4.4,Cloudy,Jam,2,Drinks,motorcycle,0,1,Metropolitian,43.0,16.851371030914212,5.0,20
0xa71,CHENRES18DEL01,31,4.6,Sunny,Jam,2,Meal,bicycle,0,1,Semi-Urban,18.0,17.076407856166536,5.0,20
0xcea9,AURGRES03DEL03,36,4.9,Sunny,Medium,1,Meal,bicycle,0,1,Metropolitian,19.0,9.15771032959411,10.0,18
0x51f7,SURRES01DEL01,27,4.6,Cloudy,Jam,0,Snack,scooter,1,1,Semi-Urban,40.0,16.72060564152958,15.0,20
0x2934,INDORES09DEL01,22,4.5,Windy,High,1,Meal,bicycle,1,1,Semi-Urban,11.0,6.050486021641428,15.0,12
0x28b5,MUMRES06DEL02,33,4.7,Stormy,Jam,1,Buffet,scooter,1,1,Semi-Urban,27.0,7.649724402449684,10.0,21
0x267d,SURRES20DEL02,34,4.8,Windy,Low,2,Snack,bicycle,1,1,Semi-Urban,26.0,7.60180033473793,15.0,23
0x9b95,CHENRES03DEL01,27,4.8,Stormy,Medium,2,Drinks,scooter,1,1,Semi-Urban,19.0,10.864870498856765,15.0,18
0xc10e,AGRRES03DEL01,30,4.7,Sunny,Low,3,Snack,bicycle,1,1,Semi-Urban,28.0,5.952962854609646,1180.0,20
0xd613,LUDHRES17DEL02,39,4.5,Stormy,Low,1,Drinks,bicycle,0,1,Semi-Urban,26.0,2.9303382895478234,5.0,9
0xd15f,AURGRES07DEL02,28,4.8,Sunny,Jam,2,Buffet,bicycle,1,1,Semi-Urban,22.0,12.20987539906126,10.0,21
0x66b0,HYDRES010DEL03,27,4.7,Sunny,Jam,1,Drinks,scooter,1,1,Semi-Urban,13.0,13.830131455506187,10.0,20
0x8e2a,HYDRES20DEL01,20,4.8,Windy,Medium,0,Meal,scooter,1,1,Semi-Urban,26.0,16.900616226154256,5.0,17
0x928d,MUMRES13DEL01,28,4.3,Stormy,Jam,0,Meal,scooter,1,1,Metropolitian,32.0,10.705559922396555,15.0,20
0xb03,HYDRES20DEL01,30,4.5,Windy,Jam,1,Drinks,bicycle,1,1,Semi-Urban,38.0,10.7555029596215,5.0,20
0x631e,HYDRES18DEL02,30,4.8,Stormy,Low,1,Snack,scooter,0,1,Semi-Urban,23.0,3.073462803868858,10.0,8
0x520d,SURRES17DEL02,21,4.6,Stormy,Jam,1,Snack,bicycle,0,1,Semi-Urban,20.0,7.601876617115989,5.0,21
0xb280,MYSRES05DEL02,34,4.4,Stormy,Low,0,Drinks,scooter,0,1,Semi-Urban,21.0,3.108983787513406,15.0,9
0xced7,KOCRES04DEL02,20,4.8,Stormy,Medium,0,Snack,scooter,0,1,Semi-Urban,20.0,20.287264795753714,5.0,18
0xce1a,KNPRES11DEL02,21,4.6,Sunny,Low,0,Drinks,scooter,1,1,Metropolitian,10.0,2.9845983784434726,15.0,9
0x8257,MYSRES15DEL01,27,4.6,Fog,Jam,0,Drinks,scooter,2,2,Semi-Urban,44.0,10.88036428627722,10.0,19
0x6773,PUNERES18DEL02,20,4.5,Sunny,Jam,2,Meal,motorcycle,0,1,Metropolitian,13.0,12.254988311075596,15.0,19
0xa47d,MYSRES02DEL03,39,4.5,Stormy,Low,0,Snack,scooter,1,1,Semi-Urban,20.0,9.326940869812143,10.0,23
0xe0b4,KOCRES04DEL01,27,5.0,Stormy,Jam,1,Snack,bicycle,1,1,Semi-Urban,22.0,17.166408504644007,10.0,22
0x5389,BANGRES08DEL02,25,4.6,Fog,Jam,2,Buffet,bicycle,1,1,Metropolitian,33.0,7.763607607839511,10.0,21
0xa190,HYDRES20DEL02,26,5.0,Windy,Low,2,Drinks,bicycle,1,1,Semi-Urban,14.0,3.0732024062611822,15.0,8
0x7a90,SURRES14DEL01,26,4.9,Windy,Jam,2,Snack,bicycle,0,1,Semi-Urban,26.0,10.64201906419996,5.0,21
0x7335,BANGRES11DEL01,39,4.9,Stormy,Jam,2,Drinks,motorcycle,1,1,Metropolitian,29.0,17.07799287216204,10.0,19
0x1f9c,BANGRES01DEL02,26,4.2,Sandstorms,Jam,0,Meal,scooter,1,2,Semi-Urban,39.0,20.182728669258125,5.0,22
0x152b,SURRES20DEL01,38,5.0,Stormy,Low,1,Drinks,scooter,1,1,Semi-Urban,27.0,1.520455689583788,5.0,9
0xa7c9,BANGRES13DEL02,33,4.7,Fog,Low,2,Snack,bicycle,0,1,Semi-Urban,15.0,3.1053555451188637,5.0,8
0x8f09,CHENRES02DEL01,28,4.7,Fog,Jam,1,Drinks,scooter,1,1,Metropolitian,30.0,17.072871906399556,5.0,22
0xa565,MYSRES20DEL02,23,4.6,Sunny,Medium,2,Buffet,bicycle,0,1,Metropolitian,15.0,12.434913132379245,5.0,17
0x8f19,PUNERES14DEL01,38,4.7,Fog,Jam,0,Buffet,scooter,2,1,Semi-Urban,49.0,16.85352490584544,10.0,20
0x6f8b,HYDRES03DEL02,33,4.1,Windy,Jam,0,Drinks,scooter,1,2,Metropolitian,40.0,12.29378731203682,5.0,20
0xc26c,AURGRES08DEL02,36,4.9,Cloudy,Low,2,Buffet,scooter,0,1,Metropolitian,17.0,7.631500138051357,5.0,23
0x8444,BANGRES09DEL01,30,4.9,Sandstorms,Low,2,Snack,bicycle,1,1,Semi-Urban,16.0,10.868244074540835,5.0,23
0x791c,MUMRES09DEL03,27,4.5,Cloudy,Medium,1,Snack,bicycle,1,1,Metropolitian,11.0,9.181151801248024,5.0,18
0xdf82,GOARES16DEL03,27,5.0,Windy,Jam,2,Meal,bicycle,1,1,Metropolitian,21.0,13.89640627144465,15.0,20
0x6aca,RANCHIRES13DEL01,38,4.8,Sunny,Jam,2,Drinks,motorcycle,0,1,Semi-Urban,19.0,10.564405615161895,10.0,21
0x2b76,PUNERES13DEL01,25,4.9,Windy,High,2,Buffet,bicycle,1,1,Semi-Urban,29.0,1.5321547990764783,5.0,11
0xd8b,CHENRES010DEL02,24,4.8,Sunny,Low,0,Snack,scooter,0,1,Semi-Urban,17.0,3.104556052438096,5.0,10
0x94fb,HYDRES16DEL02,25,4.3,Sandstorms,Jam,0,Meal,scooter,2,1,Semi-Urban,38.0,19.975152579495532,10.0,21
0x8155,INDORES01DEL02,30,4.9,Fog,Low,1,Meal,bicycle,1,1,Semi-Urban,27.0,19.663125922534896,10.0,23
0x7c2e,JAPRES12DEL03,36,4.7,Fog,Jam,0,Meal,scooter,1,2,Semi-Urban,47.0,13.40647565433019,5.0,21
0xafaf,MUMRES04DEL01,26,4.7,Cloudy,Jam,0,Buffet,scooter,1,1,Semi-Urban,41.0,10.703215446671857,15.0,21
0xdb42,ALHRES02DEL01,35,4.7,Cloudy,High,2,Drinks,bicycle,1,1,Semi-Urban,29.0,5.992191829586483,5.0,14
0xd4b,RANCHIRES010DEL01,30,4.7,Sunny,Low,1,Meal,bicycle,1,1,Semi-Urban,22.0,6.037544630194255,1110.0,20
0x9e46,VADRES010DEL01,29,4.7,Fog,High,1,Drinks,scooter,1,1,Metropolitian,30.0,1.514793721388757,15.0,11
0x8dda,PUNERES17DEL02,23,4.5,Sandstorms,Medium,0,Buffet,scooter,0,1,Metropolitian,18.0,7.66101794664148,10.0,19
0x223a,INDORES15DEL03,24,5.0,Fog,Low,1,Meal,bicycle,1,1,Semi-Urban,26.0,13.610877575672198,10.0,22
0x7105,PUNERES17DEL01,34,4.9,Fog,Medium,1,Meal,scooter,1,1,Semi-Urban,30.0,10.725127399399225,5.0,17
0x8fd5,HYDRES18DEL02,36,4.2,Sandstorms,Low,0,Snack,scooter,1,1,Semi-Urban,23.0,3.073462803868858,15.0,9
0xcac7,KOCRES16DEL01,25,4.6,Sunny,Jam,0,Drinks,scooter,1,1,Metropolitian,19.0,10.923808413419035,10.0,21
0x184a,BANGRES09DEL02,34,4.9,Windy,Low,2,Drinks,scooter,1,1,Semi-Urban,20.0,20.18269322461139,5.0,23
0xa3ab,HYDRES15DEL01,34,4.6,Sunny,High,1,Drinks,scooter,0,1,Semi-Urban,22.0,6.146622187550208,5.0,13
0x3c7f,MYSRES09DEL03,22,5.0,Windy,Medium,0,Meal,scooter,1,1,Semi-Urban,21.0,9.326616887755375,15.0,17
0x959f,SURRES19DEL03,35,4.3,Stormy,Low,0,Buffet,scooter,1,1,Semi-Urban,32.0,4.561267998364189,15.0,23
0xe259,AGRRES04DEL01,33,4.7,Cloudy,Low,0,Meal,scooter,1,1,Semi-Urban,25.0,1.488122293779747,5.0,10
0x91f7,JAPRES19DEL02,34,4.2,Fog,Jam,2,Drinks,motorcycle,1,1,Semi-Urban,37.0,7.448311138215936,5.0,21
0xd6f0,LUDHRES18DEL03,20,4.7,Sunny,Medium,2,Buffet,scooter,0,1,Metropolitian,10.0,4.39547235687439,5.0,18
0x5011,JAPRES13DEL03,27,5.0,Windy,Medium,0,Buffet,scooter,1,1,Semi-Urban,28.0,8.940167719841355,10.0,17
0xc2aa,LUDHRES20DEL03,21,4.8,Windy,Jam,0,Snack,scooter,1,1,Semi-Urban,31.0,20.50758678093407,15.0,21
0x830b,PUNERES19DEL03,37,4.0,Sandstorms,Medium,0,Meal,scooter,1,1,Semi-Urban,33.0,4.596317855297838,5.0,17
0x9bf6,MUMRES03DEL02,31,4.5,Sandstorms,Medium,2,Drinks,motorcycle,1,1,Semi-Urban,28.0,12.233151216488597,15.0,18
0x6fa2,MUMRES05DEL01,25,4.9,Cloudy,Jam,0,Snack,scooter,0,1,Semi-Urban,46.0,16.83409066322075,10.0,19
0xbeb2,JAPRES18DEL03,20,4.8,Sunny,Jam,2,Meal,bicycle,1,1,Semi-Urban,24.0,13.40589201844524,15.0,19
0xc3a4,DEHRES09DEL01,32,4.8,Windy,Low,1,Buffet,bicycle,1,1,Semi-Urban,29.0,1.4688163256853812,15.0,8
0x564c,HYDRES11DEL01,36,4.1,Windy,Low,0,Drinks,scooter,0,1,Semi-Urban,21.0,1.5368334425195926,5.0,8
0x6b3d,RANCHIRES09DEL02,32,4.6,Windy,Low,2,Buffet,bicycle,1,1,Semi-Urban,24.0,3.0189114817580243,10.0,10
0x923c,COIMBRES010DEL03,34,4.1,Sandstorms,Low,0,Buffet,scooter,0,1,Metropolitian,24.0,4.67432400638191,15.0,23
0xd696,LUDHRES05DEL01,34,5.0,Cloudy,Medium,0,Drinks,scooter,1,1,Semi-Urban,34.0,5.860100551762558,5.0,16
0x43b2,VADRES05DEL03,28,4.8,Cloudy,Medium,2,Meal,scooter,0,1,Semi-Urban,17.0,4.544228016639666,10.0,17
0x79ab,MUMRES09DEL02,23,4.7,Stormy,Low,1,Buffet,bicycle,0,1,Metropolitian,18.0,19.890514223034963,5.0,23
0x3b05,CHENRES19DEL01,35,4.7,Stormy,High,2,Snack,bicycle,1,1,Metropolitian,28.0,6.209976450705328,15.0,13
0xd8d2,KOCRES01DEL03,29,4.7,Sunny,Low,1,Drinks,scooter,1,1,Semi-Urban,30.0,14.04518868581413,5.0,22
0x9f6c,CHENRES02DEL01,38,4.7,Cloudy,Low,1,Drinks,scooter,1,1,Metropolitian,17.0,1.5522330405305724,15.0,9
0x9d6d,CHENRES19DEL03,37,4.6,Sunny,Jam,1,Meal,bicycle,1,1,Semi-Urban,22.0,9.314781588433535,10.0,21
0xaca7,COIMBRES01DEL01,22,4.9,Sunny,Jam,1,Snack,scooter,1,1,Metropolitian,24.0,10.906149360969733,10.0,19
0x5afe,COIMBRES13DEL02,30,4.7,Fog,Low,0,Buffet,scooter,1,1,Semi-Urban,22.0,3.1162385581768866,5.0,8
0xba2f,CHENRES12DEL03,20,4.8,Stormy,Low,1,Snack,bicycle,0,1,Semi-Urban,11.0,13.972123977178622,10.0,22
0xaef3,BANGRES20DEL01,28,4.8,Stormy,Medium,1,Snack,bicycle,0,1,Semi-Urban,21.0,17.076725433736602,5.0,17
0x8513,INDORES05DEL03,39,4.6,Fog,Medium,0,Meal,scooter,0,1,Metropolitian,29.0,9.075387359616569,10.0,18
0xdd49,GOARES15DEL03,35,4.7,Stormy,Jam,2,Drinks,scooter,1,1,Semi-Urban,26.0,9.264280986804865,15.0,21
0x7f1,SURRES05DEL03,26,4.9,Fog,Jam,0,Snack,scooter,1,1,Semi-Urban,42.0,13.681416111912892,5.0,21
0x4f03,MYSRES17DEL01,32,4.9,Windy,Low,1,Snack,scooter,1,1,Semi-Urban,28.0,1.5544994921789963,10.0,8
0x4eb7,COIMBRES12DEL01,25,4.8,Sandstorms,High,0,Drinks,scooter,1,1,Semi-Urban,32.0,6.232403352170867,10.0,14
0x3837,INDORES03DEL03,34,4.5,Sunny,Jam,1,Buffet,bicycle,1,1,Metropolitian,24.0,9.07462863182012,15.0,20
0xa42a,COIMBRES08DEL03,34,4.0,Stormy,Medium,1,Meal,bicycle,1,1,Metropolitian,32.0,4.67433301643506,15.0,17
0x2e33,SURRES03DEL02,29,4.9,Sandstorms,Low,0,Drinks,scooter,0,1,Semi-Urban,20.0,19.760063712198686,5.0,23
0xa2b8,RANCHIRES16DEL03,35,4.7,Sandstorms,Jam,1,Meal,scooter,0,1,Semi-Urban,26.0,9.055476933500598,15.0,20
0xa587,JAPRES19DEL02,21,4.5,Cloudy,Jam,0,Meal,scooter,0,1,Semi-Urban,27.0,7.448311138215936,10.0,20
0xbca6,RANCHIRES07DEL01,35,5.0,Sandstorms,High,2,Snack,bicycle,1,1,Semi-Urban,33.0,6.037440799484659,15.0,14
0x8335,INDORES15DEL02,38,4.3,Sandstorms,Jam,1,Drinks,bicycle,1,1,Semi-Urban,31.0,19.658828717454107,5.0,21
0x8bd3,INDORES07DEL03,23,4.7,Stormy,Low,0,Buffet,scooter,1,1,Semi-Urban,22.0,13.612594236925654,10.0,22
0x947f,COIMBRES010DEL01,24,4.6,Sandstorms,Medium,2,Drinks,bicycle,1,1,Semi-Urban,26.0,6.232380002107721,10.0,16
0x551e,HYDRES02DEL02,28,4.8,Cloudy,Low,0,Snack,scooter,1,1,Metropolitian,20.0,7.684129284114672,5.0,22
0xcd16,LUDHRES010DEL02,21,4.6,Fog,Jam,1,Meal,bicycle,1,1,Metropolitian,30.0,19.042595484787427,10.0,19
0x7429,BANGRES18DEL01,22,4.7,Sunny,Jam,1,Meal,scooter,0,1,Metropolitian,17.0,10.86869350467311,5.0,19
0x520f,CHENRES01DEL02,33,4.9,Sunny,Jam,1,Snack,scooter,1,1,Semi-Urban,15.0,12.41898167230365,5.0,20
0x7d7c,RANCHIRES06DEL03,34,3.7,Sandstorms,Medium,1,Snack,scooter,1,1,Semi-Urban,31.0,13.58314386669513,10.0,17
0x453b,CHENRES18DEL02,29,4.6,Stormy,Jam,1,Buffet,scooter,1,1,Semi-Urban,16.0,20.18081128090421,5.0,20
0xc7fa,KOLRES03DEL02,30,4.7,Sunny,Medium,2,Drinks,motorcycle,1,1,Semi-Urban,15.0,12.108246672929488,1320.0,20
0x9ce0,RANCHIRES07DEL01,38,4.3,Cloudy,High,0,Meal,scooter,1,1,Metropolitian,31.0,6.037440799484659,15.0,13
0x84e9,BANGRES14DEL03,21,4.7,Windy,Jam,2,Snack,bicycle,1,1,Semi-Urban,22.0,9.31544163550089,5.0,20
0xa4ab,COIMBRES12DEL01,21,4.6,Sandstorms,Low,1,Drinks,bicycle,0,1,Semi-Urban,16.0,1.5581398113186737,10.0,9
0x7b68,SURRES13DEL03,36,4.5,Sunny,Medium,1,Snack,scooter,0,1,Metropolitian,18.0,9.121519225895119,10.0,17
0x5ec8,SURRES01DEL03,28,4.8,Cloudy,Medium,0,Drinks,scooter,1,1,Metropolitian,29.0,9.121049806498666,5.0,17
0x19cc,CHENRES01DEL02,21,4.8,Fog,Low,1,Buffet,scooter,1,1,Semi-Urban,24.0,12.41898167230365,10.0,23
0x8c99,CHENRES08DEL02,33,4.7,Sunny,Low,2,Drinks,bicycle,1,1,Semi-Urban,22.0,12.418575637818037,10.0,22
0x114c,MUMRES14DEL03,30,4.7,Sunny,Low,2,Buffet,bicycle,1,1,Semi-Urban,32.0,4.588321086013583,0.0,20
0x1686,MYSRES18DEL03,35,4.4,Stormy,Medium,1,Drinks,scooter,1,1,Semi-Urban,31.0,13.989147573068443,15.0,18
0x793d,MYSRES010DEL02,23,4.7,Stormy,Medium,0,Buffet,scooter,1,1,Metropolitian,29.0,12.435302723482724,5.0,17
0x751,INDORES01DEL02,30,4.7,Cloudy,Medium,0,Buffet,scooter,2,1,Metropolitian,48.0,19.663125922534896,1240.0,20
0xb9b1,PUNERES11DEL02,22,4.6,Cloudy,Jam,0,Drinks,scooter,2,1,Semi-Urban,49.0,19.916274899797408,10.0,21
0xae10,PUNERES06DEL01,35,4.3,Sandstorms,Medium,1,Drinks,bicycle,1,1,Semi-Urban,37.0,10.72467208673564,15.0,18
0x15a1,BANGRES05DEL01,25,4.3,Sandstorms,Low,0,Meal,scooter,0,1,Semi-Urban,25.0,1.5525876685610622,10.0,11
0x861f,RANCHIRES09DEL03,39,4.3,Sandstorms,Medium,1,Buffet,bicycle,1,1,Metropolitian,33.0,13.583460272389507,5.0,18
0x97c1,COIMBRES12DEL03,23,4.5,Sandstorms,Jam,1,Drinks,bicycle,0,1,Semi-Urban,25.0,9.348448896833318,5.0,20
0xbd32,MYSRES07DEL03,22,4.6,Cloudy,Low,0,Buffet,scooter,0,1,Semi-Urban,17.0,4.663419307399213,15.0,22
0xbab0,HYDRES06DEL02,26,4.7,Cloudy,Medium,1,Drinks,bicycle,1,1,Semi-Urban,28.0,12.292722741488559,15.0,18
0x3a09,INDORES08DEL01,38,4.6,Cloudy,Low,1,Snack,bicycle,0,1,Metropolitian,30.0,10.587819003215479,15.0,23
0xced2,KOCRES06DEL02,36,4.7,Stormy,Low,1,Drinks,scooter,0,1,Semi-Urban,22.0,3.1213024454301257,15.0,10
0x2bce,INDORES06DEL01,20,5.0,Windy,High,1,Drinks,bicycle,1,1,Semi-Urban,20.0,6.050438648835732,10.0,14
0xd392,KOLRES08DEL01,34,4.8,Stormy,Low,2,Meal,motorcycle,1,1,Metropolitian,21.0,16.647364725917534,10.0,22
0x77b1,SURRES12DEL01,27,5.0,Fog,High,1,Drinks,scooter,1,1,Semi-Urban,22.0,6.080949025950904,10.0,12
0x2821,CHENRES17DEL03,30,4.8,Fog,Low,0,Buffet,scooter,1,1,Semi-Urban,28.0,4.656983638230307,5.0,23
0x7d8c,INDORES06DEL02,27,4.5,Sandstorms,Low,1,Meal,bicycle,0,1,Metropolitian,16.0,7.562921044749782,15.0,22
0x7070,MYSRES11DEL02,36,4.1,Stormy,Medium,2,Meal,bicycle,2,1,Semi-Urban,38.0,20.20634489518928,10.0,18
0x5374,RANCHIRES06DEL02,22,4.5,Stormy,Low,1,Meal,bicycle,0,1,Semi-Urban,15.0,3.018841258628892,15.0,8
0xd45e,LUDHRES12DEL03,29,4.8,Sunny,Jam,0,Meal,scooter,1,1,Semi-Urban,15.0,13.184483852766967,10.0,21
0x884b,BANGRES19DEL01,25,4.8,Sandstorms,Medium,0,Meal,scooter,1,1,Semi-Urban,26.0,10.868667520702992,10.0,17
0x5a2f,HYDRES12DEL02,35,4.6,Sunny,Medium,1,Drinks,scooter,0,1,Semi-Urban,15.0,19.975741216257433,10.0,18
0x271e,SURRES11DEL03,31,4.8,Sunny,Low,0,Snack,scooter,0,1,Semi-Urban,25.0,4.561152341209805,5.0,23
0x6470,MYSRES02DEL01,35,4.3,Sandstorms,High,2,Meal,scooter,1,1,Semi-Urban,32.0,1.5545625412407003,10.0,11
0xd6ea,BHPRES17DEL03,34,4.7,Sunny,Low,0,Drinks,scooter,0,1,Metropolitian,28.0,13.58963865201271,10.0,22
0xcd23,GOARES08DEL01,21,4.8,Windy,High,0,Buffet,scooter,0,1,Semi-Urban,15.0,6.17570473190859,15.0,13
0xde49,AURGRES18DEL03,36,4.8,Sandstorms,Jam,0,Drinks,scooter,0,1,Semi-Urban,46.0,9.157330481427099,10.0,21
0xdd38,BHPRES06DEL02,21,4.6,Sunny,Medium,2,Drinks,bicycle,0,1,Metropolitian,12.0,7.54997184471634,5.0,18
0x3e7e,BANGRES05DEL02,22,5.0,Fog,Low,0,Meal,scooter,0,1,Semi-Urban,22.0,3.105144913226864,15.0,8
0x7c0c,MUMRES01DEL03,31,4.8,Sandstorms,Low,1,Buffet,scooter,0,1,Metropolitian,17.0,13.765934616154562,10.0,23
0x7f13,VADRES06DEL03,27,4.6,Fog,Jam,0,Snack,scooter,2,1,Semi-Urban,48.0,13.63122853449607,15.0,19
0x96b2,HYDRES11DEL01,36,4.1,Sandstorms,Jam,0,Meal,scooter,2,1,Semi-Urban,46.0,10.756990051436132,10.0,19
0x12eb,BANGRES17DEL03,30,4.9,Sandstorms,Low,0,Drinks,scooter,1,1,Semi-Urban,21.0,13.972131143083212,5.0,22
0x3712,JAPRES010DEL01,28,4.9,Stormy,Jam,2,Drinks,bicycle,0,1,Metropolitian,25.0,16.383856071848083,10.0,20
0x3ee5,COIMBRES14DEL02,33,4.6,Sunny,Jam,2,Buffet,bicycle,0,1,Semi-Urban,29.0,12.464329297636581,10.0,20
0xda2c,ALHRES16DEL01,34,4.2,Fog,Low,2,Buffet,motorcycle,1,1,Semi-Urban,35.0,10.485867717329029,15.0,22
0x680c,HYDRES18DEL03,34,4.9,Fog,Jam,0,Buffet,scooter,0,1,Semi-Urban,34.0,9.219905581616992,10.0,19
0x2bea,MUMRES16DEL01,36,4.6,Fog,Jam,2,Drinks,bicycle,0,1,Semi-Urban,40.0,16.824864367093813,10.0,20
0x521b,INDORES18DEL03,24,4.9,Stormy,Jam,1,Snack,bicycle,1,1,Semi-Urban,28.0,4.537513326842717,10.0,19
0x5815,INDORES08DEL02,28,4.5,Cloudy,Medium,1,Buffet,bicycle,1,1,Semi-Urban,14.0,7.562982485200133,10.0,18
0x9339,MYSRES17DEL03,33,4.9,Sunny,Low,2,Meal,scooter,1,1,Semi-Urban,19.0,9.326561838121483,10.0,22
0x1e7c,MUMRES18DEL03,25,4.5,Windy,Medium,2,Drinks,bicycle,1,1,Semi-Urban,24.0,9.17813837505589,10.0,18
0x127e,PUNERES14DEL02,36,4.5,Windy,Low,0,Drinks,scooter,1,1,Semi-Urban,27.0,12.257619701209578,5.0,23
0x8851,RANCHIRES18DEL02,36,4.3,Sandstorms,Jam,0,Buffet,scooter,1,1,Semi-Urban,51.0,19.61916749330441,10.0,22
0x3302,INDORES010DEL03,39,4.8,Sunny,Medium,2,Meal,scooter,0,1,Semi-Urban,19.0,13.611337814321281,5.0,17
0x2ddd,MUMRES05DEL01,36,4.8,Stormy,Jam,0,Buffet,scooter,3,1,Semi-Urban,54.0,10.71321076429732,15.0,21
0x8893,INDORES010DEL02,36,5.0,Windy,Low,1,Drinks,bicycle,0,1,Semi-Urban,25.0,3.0250984842245745,15.0,8
0x2695,MUMRES14DEL01,24,4.5,Cloudy,Low,0,Drinks,scooter,0,1,Semi-Urban,21.0,10.70546847853061,5.0,22
0x13f0,RANCHIRES010DEL03,36,4.7,Fog,Jam,1,Snack,scooter,1,1,Semi-Urban,29.0,9.056004306816446,10.0,21
0x17b4,VADRES13DEL02,36,4.8,Sunny,Jam,1,Meal,scooter,0,1,Semi-Urban,22.0,7.573470125639189,10.0,20
0x35de,COIMBRES13DEL02,21,4.8,Sandstorms,Jam,1,Drinks,bicycle,0,1,Metropolitian,28.0,7.790401360105752,15.0,21
0xdf67,KOCRES06DEL01,20,5.0,Cloudy,Low,0,Meal,scooter,1,1,Semi-Urban,15.0,1.5606630381436277,15.0,8
0x680e,RANCHIRES20DEL01,36,4.7,Windy,Medium,0,Buffet,scooter,1,1,Semi-Urban,26.0,6.036610249816451,5.0,16
0xca22,KOCRES18DEL01,27,5.0,Stormy,Medium,0,Drinks,scooter,1,1,Metropolitian,17.0,6.2427530270295275,15.0,15
0x721f,MYSRES02DEL01,37,4.7,Sandstorms,Medium,0,Meal,scooter,0,1,Semi-Urban,30.0,6.218076509100711,15.0,16
0xaa6b,MUMRES05DEL02,36,4.3,Windy,Jam,1,Meal,bicycle,1,1,Semi-Urban,31.0,12.243495934752104,15.0,21
0x8374,BANGRES03DEL02,33,4.9,Cloudy,High,2,Buffet,motorcycle,1,1,Semi-Urban,28.0,3.105091096509636,10.0,12
0xd254,ALHRES02DEL02,32,4.6,Cloudy,Jam,1,Snack,bicycle,1,1,Metropolitian,46.0,19.471345836350395,5.0,20
0x4b89,INDORES03DEL03,31,5.0,Sunny,Low,1,Buffet,bicycle,1,1,Semi-Urban,14.0,9.07462863182012,15.0,23
0x175d,JAPRES17DEL02,26,4.8,Stormy,Medium,0,Meal,scooter,0,1,Metropolitian,15.0,7.448937379729502,5.0,17
0x6262,RANCHIRES09DEL02,31,5.0,Windy,Medium,0,Buffet,scooter,1,1,Semi-Urban,31.0,7.546888128063204,10.0,17
0x9010,JAPRES02DEL01,30,4.7,Sunny,High,0,Drinks,scooter,1,1,Semi-Urban,24.0,5.9587562421893265,5.0,13
0xde50,BHPRES06DEL01,36,4.6,Windy,Medium,1,Drinks,scooter,0,1,Semi-Urban,28.0,6.040081211062099,15.0,16
0x7277,RANCHIRES05DEL01,26,4.7,Sandstorms,Low,2,Snack,scooter,1,1,Metropolitian,10.0,10.565128845647761,10.0,22
0xde30,BHPRES11DEL03,33,4.9,Stormy,Jam,2,Snack,bicycle,1,1,Semi-Urban,32.0,4.530125284019303,15.0,19
0x41b9,PUNERES15DEL03,23,4.9,Sandstorms,Jam,2,Drinks,bicycle,0,3,Semi-Urban,10.0,4.595393825646015,10.0,21
0xe0c7,KOCRES15DEL02,26,4.1,Cloudy,Jam,2,Meal,motorcycle,1,1,Semi-Urban,40.0,20.285391243059973,5.0,21
0x1b71,MYSRES08DEL02,30,4.7,Sunny,Low,1,Buffet,bicycle,0,1,Semi-Urban,12.0,7.772618958964861,5.0,23
0xb03d,HYDRES02DEL02,30,3.6,Sandstorms,Medium,1,Buffet,scooter,0,1,Semi-Urban,33.0,19.976644021152854,5.0,17
0x2d77,HYDRES18DEL02,28,4.6,Sandstorms,Low,2,Snack,motorcycle,0,1,Semi-Urban,15.0,3.073462803868858,10.0,9
0x5936,BANGRES13DEL03,24,4.9,Windy,Medium,1,Buffet,bicycle,1,1,Semi-Urban,21.0,9.315702005351538,10.0,17
0x6787,HYDRES19DEL03,21,4.8,Sandstorms,Medium,0,Drinks,scooter,1,1,Metropolitian,21.0,9.219708856174128,10.0,18
0x72fe,CHENRES02DEL02,24,4.8,Sandstorms,Medium,1,Drinks,scooter,1,1,Semi-Urban,17.0,20.176709024393567,10.0,18
0x4fe5,JAPRES04DEL03,34,4.7,Sunny,Jam,1,Buffet,bicycle,1,1,Metropolitian,19.0,20.852513503426962,5.0,20
0x4987,SURRES04DEL01,28,5.0,Fog,Jam,0,Snack,scooter,1,1,Semi-Urban,44.0,10.641490945494409,10.0,20
0x1c0a,MUMRES17DEL01,27,4.9,Stormy,High,1,Meal,bicycle,0,1,Metropolitian,21.0,6.1187118466897275,15.0,14
0x630,CHENRES20DEL01,30,4.7,Fog,Jam,1,Meal,scooter,1,1,Semi-Urban,33.0,17.076596635444833,1435.0,20
0x68b3,PUNERES19DEL02,33,4.9,Sunny,Medium,1,Buffet,scooter,0,1,Metropolitian,22.0,19.914686965545187,15.0,17
0x40ea,CHENRES13DEL02,33,4.6,Sandstorms,Low,0,Snack,scooter,1,1,Metropolitian,26.0,12.418462399627495,15.0,23
0x18b6,MYSRES02DEL03,30,4.7,Sunny,Low,3,Meal,bicycle,1,1,Semi-Urban,16.0,4.663600819587387,110.0,20
0xb8d,BANGRES05DEL02,34,4.5,Sunny,Medium,1,Drinks,scooter,1,1,Metropolitian,28.0,12.419848147906496,10.0,17
0xb3bf,INDORES20DEL01,28,4.0,Fog,Jam,2,Drinks,motorcycle,1,1,Semi-Urban,42.0,10.587588203123412,15.0,20
0x6d95,SURRES01DEL02,35,4.3,Windy,Low,0,Buffet,scooter,0,1,Semi-Urban,25.0,7.600994631258686,10.0,23
0xd323,AURGRES14DEL01,34,4.9,Stormy,Low,2,Snack,scooter,1,1,Semi-Urban,27.0,1.526396912039431,5.0,10
0x9124,CHENRES19DEL01,39,4.5,Sunny,Low,0,Drinks,scooter,1,1,Semi-Urban,26.0,1.5525398251397549,5.0,10
0x150b,INDORES08DEL01,28,4.6,Stormy,Medium,2,Snack,bicycle,1,1,Semi-Urban,26.0,6.0504060616582525,15.0,16
0x7bbb,JAPRES15DEL01,37,4.9,Stormy,Low,2,Buffet,scooter,1,1,Semi-Urban,20.0,10.428148593687968,5.0,23
0x258f,HYDRES13DEL03,33,5.0,Sunny,Jam,2,Meal,bicycle,1,1,Semi-Urban,22.0,9.220373067021216,10.0,20
0xaa1a,COIMBRES05DEL03,37,5.0,Stormy,Low,1,Drinks,bicycle,1,1,Semi-Urban,19.0,14.021819246588827,15.0,23
0x636c,MYSRES010DEL01,26,4.8,Cloudy,Low,2,Snack,motorcycle,1,1,Metropolitian,16.0,1.554514382186963,10.0,9
0xa1e0,INDORES19DEL01,35,4.2,Cloudy,High,2,Meal,bicycle,1,1,Metropolitian,35.0,1.5125976112065025,5.0,11
0xd54b,KOLRES010DEL03,38,4.0,Stormy,Low,0,Buffet,scooter,0,1,Semi-Urban,29.0,4.540781597558912,10.0,22
0x7c12,INDORES20DEL02,22,4.2,Windy,High,0,Drinks,scooter,1,1,Semi-Urban,34.0,3.025279772423236,15.0,11
0xdbbe,ALHRES01DEL01,23,4.7,Stormy,High,0,Buffet,scooter,0,1,Metropolitian,21.0,5.992164712760221,15.0,15
0x274c,COIMBRES16DEL01,32,5.0,Cloudy,Medium,0,Drinks,scooter,0,1,Semi-Urban,42.0,10.906257371570659,10.0,18
0x166d,INDORES010DEL01,22,4.7,Cloudy,Medium,1,Snack,bicycle,1,1,Semi-Urban,28.0,16.635518179509837,10.0,18
0x72c7,MYSRES04DEL02,39,4.6,Sunny,Medium,0,Drinks,scooter,1,1,Semi-Urban,20.0,7.772466272035551,5.0,17
0x24e2,JAPRES19DEL03,35,4.2,Cloudy,Jam,2,Drinks,bicycle,1,1,Semi-Urban,33.0,4.469162258883671,5.0,21
0x2180,MUMRES11DEL03,35,4.8,Sunny,Jam,2,Buffet,scooter,1,1,Metropolitian,22.0,13.77113289483828,15.0,20
0x4b67,INDORES08DEL01,39,4.1,Fog,Medium,2,Meal,bicycle,2,1,Semi-Urban,38.0,16.63687991359242,5.0,17
0x2081,BANGRES18DEL02,31,4.9,Stormy,High,0,Drinks,scooter,0,1,Semi-Urban,41.0,3.105492716560946,5.0,11
0xb54c,BANGRES05DEL02,25,4.2,Cloudy,Jam,2,Meal,bicycle,1,1,Metropolitian,31.0,12.419848147906496,5.0,20
0x4a07,PUNERES02DEL03,38,4.8,Windy,Low,1,Meal,scooter,1,1,Metropolitian,20.0,9.192571532077613,5.0,23
0x39d2,HYDRES02DEL03,21,4.9,Fog,Low,1,Drinks,scooter,0,1,Semi-Urban,15.0,4.6105980334862275,15.0,22
0xc6fe,KOLRES01DEL03,38,4.8,Sunny,Medium,2,Buffet,motorcycle,0,1,Semi-Urban,22.0,9.081845042090478,5.0,17
0xa591,MYSRES18DEL03,36,4.7,Sunny,Low,2,Meal,scooter,0,1,Semi-Urban,19.0,13.989147573068443,10.0,22
0xbde1,RANCHIRES09DEL02,32,4.9,Sunny,Low,0,Drinks,scooter,1,1,Semi-Urban,21.0,7.546888128063204,10.0,23
0x240e,PUNERES08DEL01,26,4.6,Sandstorms,High,1,Buffet,bicycle,1,1,Semi-Urban,22.0,1.5322753274864631,15.0,11
0xde80,KOCRES17DEL01,33,4.6,Stormy,Jam,2,Meal,bicycle,1,1,Semi-Urban,29.0,17.16659103781352,5.0,21
0xe6c,SURRES20DEL02,30,4.7,Sandstorms,Jam,1,Meal,scooter,1,1,Semi-Urban,21.0,7.60180033473793,85.0,20
0xd3cd,AURGRES15DEL02,27,4.4,Cloudy,Medium,1,Drinks,bicycle,1,1,Metropolitian,31.0,12.209798594600825,15.0,18
0x5c61,PUNERES14DEL03,32,4.4,Windy,Jam,0,Drinks,scooter,1,1,Urban,48.0,9.193469879776632,15.0,21
0x7d89,MUMRES17DEL02,26,4.5,Sunny,Jam,1,Meal,scooter,1,3,Semi-Urban,14.0,7.648280480148493,15.0,19
0xcb7,INDORES01DEL02,24,4.8,Stormy,Medium,0,Snack,scooter,1,1,Semi-Urban,28.0,7.563759001970378,5.0,18
0x5880,INDORES19DEL01,39,4.5,Stormy,Low,1,Drinks,scooter,1,1,Semi-Urban,22.0,1.5125976112065025,5.0,9
0x6194,BANGRES20DEL02,30,4.7,Windy,Low,0,Snack,scooter,0,1,Semi-Urban,17.0,20.181186875221297,15.0,23
0x9e1e,MYSRES010DEL02,27,4.6,Windy,Low,0,Buffet,scooter,0,1,Semi-Urban,18.0,20.206420943723728,5.0,0
0x5b10,COIMBRES14DEL01,35,4.8,Stormy,High,2,Drinks,motorcycle,1,1,Semi-Urban,28.0,6.232373004507649,10.0,12
0x31ba,HYDRES08DEL01,28,4.6,Stormy,High,2,Buffet,bicycle,0,1,Semi-Urban,11.0,1.536802066394733,5.0,11
0x6cfd,SURRES17DEL02,27,4.1,Fog,Jam,1,Snack,bicycle,2,1,Metropolitian,33.0,19.762388480864143,10.0,21
0x1f21,PUNERES16DEL02,22,4.0,Fog,Medium,1,Buffet,bicycle,1,1,Semi-Urban,39.0,19.916194656540203,10.0,18
0x9596,MYSRES13DEL02,28,4.9,Sandstorms,Low,2,Buffet,scooter,1,1,Metropolitian,10.0,3.109059104393369,5.0,10
0xce4b,GOARES13DEL02,39,4.8,Windy,Low,0,Snack,scooter,1,1,Semi-Urban,20.0,20.071289622813055,10.0,22
0xa23c,SURRES17DEL02,31,4.7,Fog,Jam,1,Snack,scooter,1,1,Semi-Urban,38.0,19.762388480864143,15.0,21
0x7b1c,CHENRES03DEL03,36,4.5,Stormy,Low,1,Drinks,bicycle,0,1,Metropolitian,23.0,13.968842021961057,5.0,23
0x3027,MYSRES15DEL03,33,4.6,Fog,Jam,1,Snack,scooter,0,1,Metropolitian,28.0,4.663187802146826,10.0,21
0x713d,JAPRES07DEL02,39,4.4,Sandstorms,Jam,0,Drinks,scooter,1,1,Semi-Urban,53.0,19.37374583495492,10.0,21
0x2271,SURRES19DEL01,35,4.7,Cloudy,Jam,0,Meal,scooter,1,1,Semi-Urban,51.0,10.64228895373868,15.0,20
0x8370,SURRES04DEL01,29,4.8,Sunny,Jam,2,Buffet,motorcycle,1,1,Semi-Urban,23.0,16.721288103917214,5.0,19
0x896f,PUNERES01DEL03,32,4.8,Cloudy,Low,2,Meal,bicycle,1,1,Semi-Urban,18.0,4.596251207088927,5.0,22
0xb27e,MYSRES01DEL03,29,4.9,Sandstorms,Jam,2,Drinks,bicycle,1,1,Metropolitian,26.0,9.326827803405624,10.0,20
0xd299,DEHRES06DEL01,23,4.7,Sandstorms,High,1,Buffet,bicycle,1,1,Metropolitian,19.0,5.87414902156866,15.0,15
0x834,MYSRES01DEL01,30,4.7,Stormy,Medium,2,Buffet,scooter,1,1,Metropolitian,29.0,17.09838536204264,1305.0,20
0x7ef9,JAPRES02DEL03,34,3.8,Sandstorms,Jam,2,Drinks,bicycle,2,1,Metropolitian,41.0,20.85154468962371,15.0,19
0x7c6a,INDORES14DEL02,39,4.2,Fog,High,0,Buffet,scooter,1,1,Metropolitian,32.0,3.0249808540967433,10.0,11
0xc7ed,KNPRES20DEL03,30,4.7,Windy,Jam,1,Drinks,bicycle,1,1,Semi-Urban,18.0,20.88773485450129,1370.0,20
0xd383,GOARES07DEL01,29,4.7,Stormy,Medium,2,Snack,scooter,0,1,Semi-Urban,20.0,16.9816045075895,5.0,17
0x2c92,BANGRES17DEL02,37,4.8,Cloudy,Medium,1,Buffet,bicycle,1,1,Metropolitian,15.0,7.76260023979039,10.0,17
0xc746,KNPRES19DEL01,32,4.8,Windy,Medium,0,Drinks,scooter,1,1,Semi-Urban,31.0,16.41141457497892,5.0,18
0x5bcf,RANCHIRES01DEL03,23,4.8,Cloudy,Low,1,Buffet,scooter,1,1,Semi-Urban,23.0,13.580373876280879,15.0,23
0x120b,INDORES02DEL02,25,4.0,Stormy,Low,0,Snack,scooter,1,1,Semi-Urban,19.0,3.026096197898999,10.0,8
0x86f2,SURRES14DEL01,21,4.5,Sunny,Medium,0,Meal,scooter,1,1,Semi-Urban,19.0,6.081440911759753,10.0,15
0x7252,BANGRES13DEL03,34,4.5,Sunny,Jam,0,Snack,scooter,1,1,Semi-Urban,25.0,4.657987774595948,10.0,20
0x811b,SURRES19DEL01,33,4.7,Sunny,Low,0,Buffet,scooter,1,1,Semi-Urban,26.0,1.5204704557283455,5.0,10
0x7c4,HYDRES18DEL03,32,4.1,Stormy,Low,0,Buffet,scooter,1,1,Semi-Urban,28.0,4.610133887452835,15.0,22
0x1d07,COIMBRES03DEL03,36,4.1,Cloudy,Jam,1,Snack,bicycle,1,1,Semi-Urban,35.0,9.348068923522018,15.0,20
0x491a,MYSRES19DEL02,32,4.9,Sunny,High,0,Buffet,scooter,1,1,Semi-Urban,20.0,3.1089255711547725,10.0,11
0x1b0d,HYDRES08DEL03,26,5.0,Cloudy,Medium,0,Meal,scooter,1,1,Semi-Urban,32.0,13.82977049957229,5.0,18
0x59ae,PUNERES13DEL02,30,4.6,Cloudy,Low,0,Meal,scooter,0,1,Semi-Urban,20.0,3.064267071068136,15.0,9
0x70a2,CHENRES12DEL01,32,4.6,Cloudy,High,1,Snack,bicycle,1,1,Semi-Urban,30.0,6.2101379656240985,15.0,13
0x3aab,MYSRES01DEL01,35,4.0,Windy,High,1,Meal,bicycle,1,1,Semi-Urban,33.0,6.21800119018663,15.0,14
0x8bc0,SURRES15DEL03,35,4.3,Cloudy,Low,1,Drinks,bicycle,0,1,Semi-Urban,38.0,13.68204452608078,10.0,23
0x6531,SURRES08DEL01,20,4.8,Sandstorms,Low,2,Meal,bicycle,1,1,Semi-Urban,19.0,1.5203573134022046,10.0,11
0xa30b,CHENRES11DEL01,37,4.8,Cloudy,Medium,0,Drinks,scooter,1,1,Metropolitian,26.0,6.209021101535612,10.0,16
0x8b53,SURRES11DEL01,22,4.7,Sunny,High,1,Buffet,bicycle,1,1,Metropolitian,18.0,6.081440797008078,5.0,12
0xc042,AGRRES010DEL01,34,4.7,Sandstorms,Low,1,Drinks,bicycle,0,1,Semi-Urban,15.0,10.416963824321584,5.0,23
0x4863,COIMBRES02DEL01,25,4.6,Stormy,Low,2,Snack,scooter,1,1,Metropolitian,15.0,1.5580833985948437,15.0,10
0x6c38,RANCHIRES11DEL03,31,4.8,Sunny,Low,2,Buffet,motorcycle,0,1,Semi-Urban,13.0,9.055855161965923,5.0,23
0x9a29,RANCHIRES04DEL01,33,4.7,Fog,Jam,1,Snack,bicycle,1,1,Semi-Urban,49.0,16.600975700594585,10.0,21
0x655,HYDRES14DEL01,33,4.4,Sandstorms,Low,0,Snack,scooter,1,1,Semi-Urban,28.0,1.5368503798521727,10.0,8
0x4c88,MUMRES08DEL01,31,3.9,Cloudy,Low,1,Buffet,bicycle,1,1,Semi-Urban,35.0,10.709003371535417,10.0,23
0x87e4,VADRES13DEL03,36,4.0,Sunny,Jam,0,Meal,scooter,3,1,Semi-Urban,44.0,13.631343698142908,5.0,20
0x1ff1,MYSRES04DEL03,37,4.7,Windy,Low,1,Buffet,bicycle,1,1,Semi-Urban,26.0,4.663566689152146,5.0,22
0x3f8d,MUMRES06DEL03,25,4.8,Cloudy,Jam,2,Snack,scooter,1,1,Semi-Urban,22.0,9.179538450826046,15.0,19
0x1f0e,MYSRES12DEL03,36,4.9,Sunny,Medium,1,Drinks,scooter,0,1,Semi-Urban,17.0,9.32728515796102,10.0,17
0xd418,LUDHRES010DEL03,21,4.9,Windy,Medium,1,Meal,bicycle,1,1,Semi-Urban,26.0,4.395420246829376,10.0,18
0x48c7,CHENRES09DEL01,23,4.7,Fog,Medium,1,Drinks,scooter,1,1,Metropolitian,19.0,6.209259882041872,5.0,16
0x9395,JAPRES13DEL03,36,4.4,Fog,Low,0,Snack,scooter,1,1,Semi-Urban,37.0,20.857115324129595,15.0,23
0xab33,BANGRES08DEL02,27,4.9,Fog,Low,2,Drinks,bicycle,0,1,Semi-Urban,20.0,12.421407858787804,15.0,23
0xc918,AURGRES14DEL03,28,5.0,Windy,Low,0,Snack,scooter,0,1,Metropolitian,15.0,13.73594217639692,10.0,22
0x279f,MUMRES13DEL03,27,4.2,Stormy,Jam,0,Buffet,scooter,1,1,Semi-Urban,33.0,13.763896210757977,5.0,20
0x8456,CHENRES19DEL01,22,4.7,Stormy,Jam,2,Snack,bicycle,0,1,Metropolitian,15.0,17.076258901183188,10.0,20
0x4314,CHENRES05DEL02,25,4.9,Fog,Jam,0,Buffet,scooter,2,1,Semi-Urban,43.0,12.417687564200063,5.0,21
0x8de9,SURRES14DEL03,21,4.9,Fog,Low,2,Buffet,bicycle,1,1,Metropolitian,21.0,13.682164847733755,10.0,23
0xb59b,MUMRES010DEL01,28,4.5,Sunny,Medium,0,Drinks,scooter,1,1,Metropolitian,25.0,10.710903359654202,10.0,17
0x26d4,HYDRES05DEL03,32,4.9,Sandstorms,Low,1,Buffet,bicycle,1,1,Semi-Urban,24.0,13.829931792649827,15.0,23
0x9bf9,PUNERES19DEL01,32,4.4,Sandstorms,Medium,0,Drinks,scooter,1,1,Semi-Urban,37.0,6.12841937845769,5.0,16
0x4c1,BANGRES13DEL02,30,4.7,Sunny,Low,3,Drinks,bicycle,1,1,Semi-Urban,26.0,20.18263448829367,210.0,20
0xaabd,JAPRES010DEL03,22,4.7,Windy,Low,1,Buffet,scooter,0,1,Metropolitian,17.0,8.93752787352923,5.0,23
0x6bfb,MUMRES15DEL01,38,4.6,Stormy,High,2,Snack,bicycle,1,1,Semi-Urban,26.0,6.117761953594232,10.0,12
0xcdb6,AURGRES03DEL01,26,4.6,Windy,Medium,1,Buffet,scooter,1,1,Semi-Urban,25.0,16.787888950840177,15.0,18
0xa667,CHENRES14DEL01,38,4.5,Windy,Low,1,Meal,scooter,1,1,Metropolitian,20.0,1.5524171512659315,5.0,10
0x819d,VADRES20DEL01,20,4.9,Fog,Medium,0,Meal,scooter,1,1,Semi-Urban,42.0,16.659917302375394,10.0,17
0xc003,DEHRES13DEL02,30,4.7,Sunny,Low,3,Snack,bicycle,1,1,Semi-Urban,20.0,19.08680741329132,115.0,20
0x29ab,HYDRES16DEL01,35,4.6,Windy,Medium,2,Meal,bicycle,1,1,Semi-Urban,26.0,16.90249592854745,15.0,18
0xa20a,PUNERES13DEL03,21,4.7,Fog,Low,2,Drinks,bicycle,0,1,Semi-Urban,28.0,13.787860239172547,10.0,23
0xafd4,COIMBRES19DEL02,27,4.6,Sunny,High,2,Buffet,motorcycle,0,1,Semi-Urban,16.0,3.1161417126181274,10.0,11
0xd989,KOLRES04DEL03,25,4.6,Stormy,Medium,0,Drinks,scooter,0,1,Semi-Urban,23.0,9.081116432461174,10.0,17
0x33a0,JAPRES06DEL03,29,4.5,Fog,Medium,0,Drinks,scooter,1,1,Semi-Urban,37.0,13.406000552536867,10.0,19
0x43ba,HYDRES04DEL03,21,4.6,Stormy,Medium,0,Meal,scooter,1,1,Semi-Urban,22.0,4.610613705052656,5.0,18
0x9415,HYDRES07DEL01,32,4.7,Fog,Low,0,Meal,scooter,1,1,Semi-Urban,41.0,16.903235903519843,15.0,22
0x9d2b,SURRES14DEL01,30,5.0,Fog,High,1,Snack,scooter,1,1,Semi-Urban,28.0,6.081440911759753,15.0,14
0x8a91,VADRES06DEL03,37,4.7,Cloudy,Jam,0,Meal,scooter,0,1,Semi-Urban,25.0,9.08793706801597,10.0,21
0x3e9b,JAPRES08DEL03,34,4.9,Sunny,Jam,0,Meal,scooter,1,1,Semi-Urban,25.0,4.469223038792308,5.0,20
0x5aa4,BANGRES12DEL01,25,4.5,Windy,High,1,Snack,bicycle,1,1,Metropolitian,16.0,6.210543032489626,5.0,14
0x326e,MYSRES17DEL01,21,4.7,Cloudy,Medium,0,Snack,scooter,0,1,Semi-Urban,35.0,17.097896810816284,15.0,18
0x711a,JAPRES07DEL02,21,5.0,Cloudy,Low,1,Buffet,scooter,0,1,Semi-Urban,25.0,11.923472540743209,10.0,23
0xcef2,LUDHRES010DEL03,38,4.1,Fog,Jam,2,Snack,bicycle,1,1,Metropolitian,41.0,20.506954885363346,5.0,20
0xa077,PUNERES02DEL01,29,4.9,Fog,Jam,0,Meal,scooter,2,1,Semi-Urban,45.0,10.724517748046024,15.0,19
0x5d7a,JAPRES09DEL01,20,5.0,Sunny,Medium,0,Snack,scooter,1,1,Semi-Urban,22.0,10.42732189063304,15.0,19
0xd4df,KOLRES20DEL02,20,4.7,Sunny,Low,0,Drinks,scooter,1,1,Metropolitian,28.0,12.108745430933551,15.0,22
0x163c,MYSRES17DEL01,38,4.8,Sunny,Medium,2,Meal,motorcycle,1,1,Semi-Urban,17.0,6.217824017922212,5.0,17
0xa22e,INDORES20DEL02,22,5.0,Sunny,Jam,2,Meal,bicycle,0,1,Metropolitian,11.0,7.5628176900723,5.0,20
0x53e7,PUNERES06DEL02,24,4.8,Windy,Jam,1,Meal,scooter,1,1,Semi-Urban,26.0,19.915585713443292,10.0,19
0xdfa1,KNPRES19DEL03,37,4.5,Stormy,Low,0,Snack,scooter,1,1,Semi-Urban,24.0,8.952548604467738,5.0,22
0x665b,COIMBRES06DEL03,23,5.0,Fog,Medium,2,Buffet,bicycle,0,1,Metropolitian,34.0,14.02184017066065,15.0,17
0x2048,CHENRES18DEL01,27,4.6,Cloudy,Medium,0,Snack,scooter,1,1,Semi-Urban,22.0,6.210030477135088,5.0,15
0x96c3,PUNERES15DEL01,23,4.9,Cloudy,Medium,2,Snack,scooter,2,1,Semi-Urban,36.0,10.721987300671117,5.0,18
0x6e6f,JAPRES15DEL01,23,5.0,Cloudy,Jam,2,Drinks,bicycle,1,1,Semi-Urban,44.0,16.385802266862793,10.0,21
0x4c17,CHENRES02DEL02,37,4.8,Sunny,Low,1,Drinks,scooter,1,1,Semi-Urban,18.0,3.1044353971266565,10.0,8
0xb2b,INDORES14DEL02,21,4.9,Sunny,Medium,2,Snack,scooter,0,1,Semi-Urban,19.0,12.098699936279859,5.0,18
0xcda0,ALHRES18DEL02,31,4.3,Windy,High,0,Buffet,scooter,1,2,Semi-Urban,48.0,2.9962426790626724,10.0,12
0x8376,MYSRES19DEL03,37,4.5,Fog,Low,1,Meal,bicycle,1,1,Semi-Urban,16.0,4.663344843093785,10.0,23
0x8dcd,CHENRES05DEL02,34,4.5,Windy,Jam,2,Snack,scooter,0,1,Semi-Urban,26.0,7.761284984440735,10.0,20
0xa652,INDORES17DEL03,26,3.9,Sunny,Jam,0,Meal,scooter,0,1,Semi-Urban,46.0,4.537400479091801,5.0,20
0xafd7,PUNERES17DEL03,31,4.9,Windy,Low,1,Snack,bicycle,1,1,Semi-Urban,23.0,4.596738270616882,15.0,23
0x40a7,JAPRES12DEL03,28,4.9,Sandstorms,Medium,2,Buffet,scooter,1,1,Semi-Urban,27.0,4.469352052738077,10.0,18
0xa03a,SURRES02DEL01,32,3.8,Windy,Jam,2,Drinks,scooter,0,1,Semi-Urban,31.0,16.72059667667709,5.0,19
0x6c6,RANCHIRES08DEL01,34,4.8,Fog,Low,2,Meal,scooter,0,1,Semi-Urban,28.0,10.565179206181444,10.0,23
0x1a29,MUMRES20DEL01,27,4.4,Stormy,Medium,0,Buffet,scooter,1,1,Semi-Urban,33.0,10.707860128480876,5.0,17
0x535e,SURRES02DEL01,27,4.6,Windy,Low,2,Drinks,bicycle,0,1,Semi-Urban,12.0,1.5202938690324594,5.0,10
0xb1a5,BANGRES14DEL01,23,5.0,Fog,Medium,1,Buffet,bicycle,1,1,Semi-Urban,30.0,17.07747121287486,5.0,18
0x46e7,CHENRES16DEL02,28,4.1,Fog,Jam,1,Buffet,bicycle,1,1,Semi-Urban,44.0,12.4179077297463,5.0,19
0x30df,INDORES09DEL03,25,4.9,Windy,Jam,2,Snack,bicycle,1,1,Semi-Urban,28.0,13.61244755449679,5.0,20
0xa189,SURRES04DEL01,37,4.8,Stormy,Jam,0,Meal,scooter,2,1,Metropolitian,37.0,10.641490945494409,10.0,20
0x1420,SURRES01DEL02,20,4.9,Sandstorms,Jam,2,Meal,scooter,0,1,Metropolitian,16.0,7.600994631258686,10.0,22
0x5d92,PUNERES09DEL03,24,4.7,Windy,Jam,0,Buffet,scooter,0,1,Semi-Urban,38.0,13.788852089943367,15.0,21
0xd8dc,AURGRES14DEL01,28,4.5,Cloudy,Low,2,Snack,scooter,1,1,Semi-Urban,28.0,16.787874845260117,5.0,22
0x81e9,HYDRES19DEL03,33,4.5,Sunny,Medium,0,Buffet,scooter,1,1,Semi-Urban,24.0,9.219708856174128,5.0,17
0x91cf,BANGRES18DEL01,37,4.7,Sunny,Medium,0,Drinks,scooter,0,1,Semi-Urban,39.0,10.86869350467311,10.0,18
0xe13,INDORES08DEL03,28,5.0,Windy,Low,2,Buffet,motorcycle,0,1,Semi-Urban,11.0,13.612451541411557,15.0,0
0x1a6c,JAPRES11DEL03,27,4.5,Windy,Jam,2,Buffet,bicycle,1,1,Semi-Urban,26.0,13.406473968860336,5.0,21
0x3f7d,BANGRES010DEL02,36,4.8,Windy,Low,1,Snack,scooter,0,1,Semi-Urban,22.0,7.763196932715946,5.0,23
0x20a1,SURRES12DEL03,35,4.2,Windy,Low,0,Drinks,scooter,0,1,Metropolitian,24.0,9.121136119359766,5.0,0
0xa027,CHENRES08DEL01,20,4.6,Windy,Jam,0,Meal,scooter,1,1,Metropolitian,30.0,10.866360907886408,5.0,19
0x317c,BANGRES17DEL03,25,4.9,Windy,Low,2,Drinks,bicycle,1,1,Semi-Urban,17.0,4.657651549280329,10.0,23
0x7597,INDORES06DEL02,35,4.0,Cloudy,Jam,1,Buffet,bicycle,1,1,Semi-Urban,37.0,7.562921044749782,5.0,20
0xc086,GOARES010DEL03,20,4.7,Cloudy,Jam,2,Drinks,scooter,1,1,Semi-Urban,29.0,9.263556234288135,10.0,20
0x2363,MUMRES16DEL01,33,4.1,Sunny,Jam,0,Drinks,scooter,1,1,Semi-Urban,41.0,10.707345040408097,10.0,19
0x8720,VADRES11DEL03,39,4.4,Sandstorms,Medium,0,Snack,scooter,1,1,Semi-Urban,31.0,4.544264509631538,10.0,17
0x71b6,SURRES15DEL03,36,4.3,Sandstorms,Jam,2,Drinks,motorcycle,0,1,Semi-Urban,32.0,9.121794088990223,15.0,21
0xc5dd,AURGRES06DEL01,22,4.4,Fog,Medium,1,Snack,scooter,0,1,Semi-Urban,39.0,16.787903106086187,10.0,17
0xbd64,INDORES010DEL01,36,4.8,Sandstorms,Low,1,Snack,scooter,1,1,Metropolitian,27.0,1.5125746930783428,10.0,8
0x4181,HYDRES06DEL03,39,4.6,Sandstorms,Medium,2,Snack,scooter,1,1,Semi-Urban,30.0,13.82913165629175,10.0,17
0xdb73,DEHRES06DEL03,39,4.0,Cloudy,Jam,1,Snack,scooter,1,1,Semi-Urban,37.0,8.810838587370053,5.0,19
0x3319,SURRES20DEL03,25,4.9,Sandstorms,Low,0,Meal,scooter,0,1,Semi-Urban,19.0,13.68237887648496,5.0,22
0xc3a8,KNPRES19DEL03,25,4.8,Fog,Low,2,Drinks,bicycle,1,1,Metropolitian,14.0,8.952548604467738,5.0,22
0xcead,LUDHRES15DEL03,26,4.5,Sandstorms,Jam,2,Snack,motorcycle,0,1,Metropolitian,19.0,4.395289295392975,10.0,19
0xc649,KOLRES13DEL03,22,4.9,Fog,Jam,1,Meal,scooter,1,1,Semi-Urban,25.0,9.080676816810893,10.0,20
0x65a,BANGRES02DEL01,27,5.0,Sandstorms,Medium,0,Meal,scooter,1,1,Semi-Urban,26.0,6.210169290102755,15.0,16
0xbfe3,ALHRES20DEL02,38,4.7,Sandstorms,Low,1,Meal,scooter,1,1,Semi-Urban,29.0,7.490064599571275,5.0,22
0xa23d,VADRES03DEL03,22,4.4,Sandstorms,Low,0,Buffet,scooter,1,1,Semi-Urban,27.0,9.087720328091443,10.0,0
0xac1f,SURRES17DEL02,29,4.6,Stormy,Low,1,Drinks,scooter,1,1,Semi-Urban,16.0,19.762388480864143,5.0,23
0x2210,RANCHIRES06DEL02,37,4.4,Fog,Low,0,Snack,scooter,1,1,Semi-Urban,44.0,19.618739348801018,15.0,23
0x698d,MUMRES18DEL01,29,4.6,Fog,Medium,0,Meal,scooter,0,1,Semi-Urban,32.0,10.707675026486205,10.0,18
0x6d71,JAPRES08DEL03,37,4.8,Windy,Low,0,Drinks,scooter,1,1,Semi-Urban,27.0,20.851862908260973,10.0,22
0x34c2,COIMBRES18DEL02,37,4.6,Windy,Medium,0,Snack,scooter,1,1,Semi-Urban,30.0,7.790177003822013,15.0,18
0xc89c,BHPRES04DEL01,35,4.6,Cloudy,Medium,0,Meal,scooter,1,1,Semi-Urban,36.0,16.610926485281333,10.0,18
0x7784,HYDRES02DEL02,33,4.9,Windy,Low,1,Buffet,scooter,0,1,Metropolitian,18.0,12.294124530423586,15.0,23
0x500c,RANCHIRES17DEL02,26,4.7,Sandstorms,Medium,1,Snack,bicycle,1,1,Semi-Urban,23.0,12.073402311815224,10.0,18
0xb477,JAPRES20DEL02,25,4.6,Cloudy,Jam,1,Buffet,scooter,0,1,Semi-Urban,38.0,19.359307695550992,15.0,21
0x9545,VADRES06DEL03,26,4.0,Fog,Jam,1,Buffet,scooter,1,1,Semi-Urban,33.0,4.544194013501194,5.0,21
0x54ec,MYSRES03DEL01,35,4.2,Stormy,Jam,2,Drinks,scooter,1,1,Semi-Urban,44.0,10.881431823102778,5.0,20
0x4cee,COIMBRES12DEL02,24,4.5,Fog,Jam,0,Snack,scooter,3,2,Semi-Urban,49.0,12.464390099643042,5.0,21
0xc3ab,AGRRES04DEL02,30,4.9,Sandstorms,Jam,2,Buffet,scooter,1,1,Semi-Urban,27.0,19.340983552936382,5.0,19
0xb48,RANCHIRES18DEL02,24,4.1,Sandstorms,Low,0,Buffet,scooter,1,1,Semi-Urban,26.0,3.0189069957366157,10.0,9
0xab86,CHENRES010DEL03,39,4.1,Windy,Medium,2,Buffet,bicycle,1,1,Semi-Urban,31.0,9.313300003113902,10.0,17
0x552f,PUNERES17DEL02,26,5.0,Stormy,Medium,1,Buffet,scooter,1,1,Semi-Urban,21.0,19.916432533839362,5.0,17
0xbed1,JAPRES04DEL01,23,4.7,Cloudy,Jam,1,Snack,scooter,1,1,Metropolitian,38.0,10.42769256917753,10.0,22
0x43f7,COIMBRES20DEL02,24,4.9,Windy,Jam,2,Snack,bicycle,1,1,Semi-Urban,20.0,20.254010036496762,5.0,21
0xb6be,COIMBRES03DEL02,33,4.9,Fog,Low,1,Snack,scooter,1,1,Semi-Urban,18.0,7.790122649763986,5.0,22
0xd668,ALHRES14DEL01,35,4.9,Cloudy,Medium,1,Buffet,scooter,1,1,Metropolitian,42.0,16.47598057072457,15.0,17
0x2175,RANCHIRES05DEL03,25,4.6,Sunny,Low,0,Buffet,scooter,0,1,Semi-Urban,16.0,9.055981117924203,10.0,23
0x9d96,BANGRES20DEL03,35,4.6,Fog,Medium,0,Buffet,scooter,1,1,Semi-Urban,32.0,4.6576549370601725,5.0,17
0xb78b,COIMBRES04DEL01,25,4.2,Sunny,High,0,Drinks,scooter,3,1,Semi-Urban,43.0,6.232152800668749,5.0,12
0x1f25,MYSRES17DEL03,39,4.8,Windy,Low,1,Snack,bicycle,1,1,Semi-Urban,23.0,9.326561838121483,5.0,23
0xd9ea,BHPRES010DEL03,38,4.9,Sandstorms,Jam,2,Meal,bicycle,2,1,Semi-Urban,34.0,4.529611222928802,5.0,21
0x89ac,BANGRES01DEL02,21,5.0,Sunny,Medium,2,Snack,scooter,0,1,Metropolitian,11.0,7.7631971453288875,15.0,17
0x372c,CHENRES07DEL03,28,4.5,Cloudy,Jam,2,Buffet,scooter,0,1,Semi-Urban,23.0,9.313021564639982,10.0,20
0x6dae,BANGRES19DEL02,30,4.7,Stormy,Low,2,Meal,bicycle,1,1,Metropolitian,20.0,3.1054853062814938,15.0,9
0xa438,MYSRES05DEL01,33,4.7,Sunny,Jam,2,Snack,bicycle,0,1,Metropolitian,20.0,10.88093543843387,15.0,19
0x8ba7,JAPRES07DEL01,24,4.8,Windy,Low,1,Snack,bicycle,0,1,Semi-Urban,14.0,1.4906380442411205,15.0,9
0xd9ca,AURGRES12DEL03,26,4.5,Windy,Jam,1,Snack,bicycle,1,1,Metropolitian,19.0,9.157577302527251,5.0,21
0x635e,COIMBRES07DEL01,27,4.6,Sandstorms,Low,2,Buffet,bicycle,0,1,Semi-Urban,11.0,10.907140151568116,5.0,22
0x97d2,JAPRES11DEL02,30,4.8,Fog,Low,2,Drinks,motorcycle,0,1,Semi-Urban,27.0,11.917100051488791,5.0,22
0x6b52,RANCHIRES08DEL01,38,4.7,Fog,High,1,Meal,bicycle,2,2,Semi-Urban,39.0,1.509467584367178,10.0,11
0x429,HYDRES11DEL03,30,4.7,Sunny,Low,3,Buffet,electric_scooter,0,1,Semi-Urban,18.0,9.220397882984718,185.0,20
0x34a9,INDORES16DEL03,33,4.9,Windy,Low,0,Buffet,scooter,1,1,Semi-Urban,22.0,13.611585111772158,5.0,23
0x3174,CHENRES11DEL03,36,4.9,Stormy,Jam,1,Buffet,bicycle,0,1,Semi-Urban,30.0,4.656811824870756,15.0,21
0xd868,DEHRES010DEL01,27,4.8,Stormy,Medium,2,Buffet,motorcycle,0,1,Metropolitian,17.0,16.153774202105296,5.0,19
0x6aa6,CHENRES07DEL01,23,4.9,Windy,High,1,Meal,bicycle,1,1,Semi-Urban,24.0,1.5522470243420694,5.0,12
0xced9,GOARES010DEL02,27,4.7,Sandstorms,Low,2,Meal,bicycle,1,3,Metropolitian,10.0,3.087996686128697,15.0,9
0xb2b3,RANCHIRES06DEL03,32,4.7,Fog,Medium,0,Drinks,scooter,1,1,Semi-Urban,25.0,4.528183776759067,10.0,17
0x5b8,CHENRES01DEL03,30,4.7,Sunny,Low,2,Meal,bicycle,1,1,Metropolitian,11.0,9.314419797615273,1415.0,20
0x5901,HYDRES05DEL01,21,4.7,Sandstorms,Medium,2,Meal,scooter,1,1,Metropolitian,22.0,10.756895455613911,10.0,18
0x5a61,BANGRES13DEL03,36,4.6,Windy,Jam,1,Snack,bicycle,1,1,Semi-Urban,27.0,9.315702005351538,10.0,19
0x9a90,HYDRES03DEL01,34,5.0,Windy,High,0,Buffet,scooter,1,1,Metropolitian,37.0,1.536864059415262,5.0,11
0x5dc2,JAPRES09DEL02,32,4.7,Sunny,Jam,2,Snack,bicycle,1,1,Metropolitian,16.0,11.916705005077658,15.0,21
0x9e32,MYSRES11DEL03,25,4.8,Stormy,Low,1,Meal,scooter,1,1,Semi-Urban,11.0,4.663438748149054,15.0,22
0x32a7,BANGRES08DEL02,36,4.0,Windy,Jam,0,Buffet,scooter,1,1,Semi-Urban,52.0,12.421407858787804,10.0,20
0x41e4,COIMBRES20DEL02,24,4.6,Cloudy,Medium,0,Snack,scooter,1,1,Semi-Urban,24.0,7.790525266841046,15.0,17
0x574f,BANGRES05DEL02,28,4.8,Sunny,Low,2,Meal,motorcycle,1,1,Semi-Urban,23.0,3.105144913226864,15.0,10
0x51e2,JAPRES18DEL03,31,4.7,Stormy,Low,0,Meal,scooter,1,1,Semi-Urban,20.0,20.851557402660557,15.0,23
0x6823,RANCHIRES13DEL02,32,4.8,Sunny,Low,0,Drinks,scooter,1,1,Semi-Urban,27.0,7.54626481457244,5.0,22
0x459f,MYSRES15DEL02,23,4.5,Sunny,Jam,1,Meal,bicycle,1,1,Semi-Urban,15.0,7.771834302405086,15.0,21
0x746a,SURRES20DEL02,34,4.3,Sandstorms,Low,0,Buffet,scooter,1,1,Semi-Urban,30.0,3.0408635912257624,5.0,9
0x2d0d,COIMBRES04DEL01,39,4.6,Fog,Jam,0,Meal,scooter,1,1,Semi-Urban,43.0,10.905993510336609,15.0,20
0x6428,PUNERES03DEL01,33,4.8,Stormy,Low,1,Buffet,scooter,0,1,Metropolitian,15.0,10.724430107278945,15.0,23
0x8ffd,CHENRES15DEL01,31,4.6,Windy,Medium,2,Snack,scooter,1,1,Metropolitian,26.0,6.209485128886319,5.0,16
0xbcfb,INDORES05DEL03,31,5.0,Cloudy,Jam,1,Snack,scooter,1,1,Semi-Urban,25.0,4.537922749289298,15.0,19
0x284b,JAPRES04DEL01,27,4.7,Windy,Low,1,Drinks,bicycle,1,1,Metropolitian,17.0,16.38508523506451,15.0,22
0xa89a,INDORES19DEL01,33,4.8,Stormy,Low,2,Snack,bicycle,1,1,Semi-Urban,28.0,10.587113705075847,15.0,22
0xa47c,MUMRES19DEL01,33,3.8,Cloudy,Low,1,Buffet,bicycle,1,1,Semi-Urban,36.0,16.824331819052116,10.0,23
0xa163,MUMRES15DEL01,26,4.4,Sunny,High,0,Buffet,scooter,1,1,Semi-Urban,40.0,6.117761953594232,5.0,14
0x4a57,CHENRES17DEL03,33,4.9,Stormy,Medium,1,Snack,bicycle,1,1,Semi-Urban,29.0,4.656983638230307,15.0,18
0x2315,BANGRES07DEL03,30,4.7,Sunny,Low,3,Meal,scooter,2,1,Semi-Urban,32.0,13.971968544834215,1320.0,20
0x17c0,MYSRES13DEL02,28,4.5,Sandstorms,Medium,2,Buffet,scooter,1,1,Metropolitian,18.0,20.206808074128567,15.0,18
0x5b72,INDORES03DEL01,21,4.5,Sunny,High,0,Snack,scooter,2,2,Semi-Urban,52.0,6.049956259946466,15.0,12
0xc1b4,KOCRES12DEL03,30,4.7,Fog,Medium,2,Meal,scooter,0,1,Semi-Urban,18.0,9.363543018983561,5.0,17
0x9450,PUNERES14DEL03,38,4.6,Stormy,Low,1,Snack,scooter,0,1,Semi-Urban,20.0,9.193469879776632,5.0,23
0x7fc4,INDORES05DEL02,25,4.6,Fog,High,2,Meal,bicycle,1,1,Semi-Urban,20.0,3.025332706173566,5.0,12
0x5d13,VADRES19DEL01,29,4.7,Stormy,Jam,1,Snack,scooter,0,1,Semi-Urban,22.0,10.602450942886513,15.0,20
0x69d7,INDORES16DEL02,22,4.6,Windy,Jam,1,Drinks,bicycle,0,1,Semi-Urban,27.0,19.659851482292062,10.0,21
0xd2bf,AGRRES17DEL01,36,4.8,Sandstorms,Low,2,Meal,bicycle,0,1,Semi-Urban,24.0,1.488347124650747,5.0,8
0xa2c1,INDORES12DEL03,33,5.0,Sandstorms,Medium,0,Buffet,scooter,1,1,Semi-Urban,34.0,4.537601588065108,10.0,18
0x8c69,PUNERES07DEL03,35,4.7,Windy,Jam,0,Snack,scooter,0,1,Semi-Urban,41.0,4.596534542243907,10.0,20
0x54d6,JAPRES010DEL01,35,4.0,Cloudy,High,1,Drinks,scooter,1,1,Semi-Urban,37.0,5.958586130823786,10.0,12
0x506e,BANGRES04DEL01,24,4.6,Sunny,Jam,1,Meal,scooter,1,1,Semi-Urban,23.0,17.07644834661623,15.0,20
0x482b,JAPRES06DEL01,31,4.5,Cloudy,Low,0,Buffet,scooter,0,1,Metropolitian,23.0,1.489789766813,15.0,9
0xbda,MUMRES18DEL01,30,4.7,Sunny,High,1,Drinks,scooter,0,1,Semi-Urban,14.0,6.118933768642428,1040.0,20
0xca59,KOCRES15DEL02,24,4.9,Sunny,Jam,2,Snack,bicycle,1,1,Metropolitian,22.0,20.285391243059973,15.0,20
0xcd77,LUDHRES06DEL02,32,4.9,Fog,Jam,0,Drinks,scooter,1,1,Semi-Urban,42.0,19.042397449611613,5.0,19
0xcfe,HYDRES02DEL02,30,4.7,Cloudy,Low,2,Snack,bicycle,1,1,Metropolitian,14.0,7.684129284114672,10.0,23
0x9187,CHENRES05DEL01,38,3.6,Cloudy,Low,1,Buffet,bicycle,0,1,Semi-Urban,37.0,10.865584127340643,15.0,22
0x2960,MUMRES16DEL03,30,4.7,Stormy,Medium,1,Drinks,bicycle,1,1,Semi-Urban,34.0,13.766192440641818,1315.0,20
0x2088,VADRES19DEL02,33,4.3,Windy,Low,0,Buffet,scooter,0,1,Semi-Urban,27.0,3.0295222215900934,10.0,8
0x1334,BANGRES16DEL01,26,4.7,Sandstorms,High,2,Meal,motorcycle,1,1,Semi-Urban,28.0,6.209449516823057,15.0,13
0xb4e3,PUNERES010DEL02,24,4.7,Sandstorms,Low,2,Meal,scooter,0,1,Metropolitian,16.0,12.256834609677016,10.0,23
0x215a,PUNERES11DEL01,27,4.9,Sunny,Jam,0,Snack,scooter,1,1,Semi-Urban,24.0,10.72504264384306,5.0,21
0x9ed9,MYSRES18DEL03,33,4.6,Sunny,Low,1,Buffet,bicycle,0,1,Metropolitian,23.0,13.989147573068443,10.0,23
0xbe14,COIMBRES12DEL03,25,4.6,Stormy,Medium,1,Buffet,bicycle,1,1,Semi-Urban,25.0,4.674341511234465,15.0,18
0xe92,JAPRES02DEL03,34,4.6,Sunny,Jam,2,Meal,bicycle,1,1,Semi-Urban,30.0,20.85154468962371,15.0,20
0xd065,DEHRES13DEL02,27,4.1,Fog,Jam,2,Drinks,bicycle,0,1,Metropolitian,40.0,19.08680741329132,15.0,20
0x1220,MYSRES01DEL01,37,4.9,Stormy,Low,2,Drinks,bicycle,1,1,Metropolitian,24.0,1.5545437335214782,10.0,8
0xe019,KOCRES03DEL02,27,4.5,Windy,Medium,2,Snack,motorcycle,1,1,Semi-Urban,25.0,12.483922393843775,10.0,18
0x6eb1,VADRES13DEL02,32,4.9,Windy,Low,2,Snack,bicycle,1,1,Metropolitian,20.0,7.573470125639189,5.0,22
0x5e9b,MYSRES01DEL01,39,3.8,Windy,Jam,1,Snack,scooter,2,1,Semi-Urban,44.0,10.881197531246407,5.0,20
0x349d,INDORES05DEL02,23,4.9,Sunny,Medium,0,Buffet,scooter,1,1,Semi-Urban,24.0,19.661019603214875,10.0,17
0x53a4,JAPRES08DEL03,31,4.7,Cloudy,Medium,2,Drinks,bicycle,1,1,Semi-Urban,16.0,4.469223038792308,10.0,18
0x335a,SURRES12DEL01,27,4.4,Cloudy,Jam,1,Drinks,scooter,2,1,Semi-Urban,42.0,10.641157729337541,10.0,20
0x92ce,INDORES02DEL03,27,4.8,Sandstorms,Jam,1,Meal,scooter,0,1,Metropolitian,18.0,4.539068203248639,5.0,20
0x3626,COIMBRES16DEL03,39,4.8,Sunny,Jam,2,Buffet,bicycle,1,1,Semi-Urban,25.0,14.022096082518878,10.0,19
0x9843,COIMBRES07DEL03,39,4.9,Sunny,Medium,1,Snack,bicycle,0,1,Semi-Urban,19.0,14.023232083084483,5.0,18
0x7f00,MYSRES01DEL03,38,4.7,Sunny,Low,2,Buffet,motorcycle,0,1,Semi-Urban,11.0,9.326827803405624,5.0,22
0x24a0,CHENRES18DEL01,26,4.7,Stormy,Low,1,Drinks,bicycle,0,1,Semi-Urban,15.0,1.55255331684981,15.0,9
0xbf2e,DEHRES03DEL03,30,4.7,Sunny,Medium,2,Meal,motorcycle,1,1,Metropolitian,18.0,13.21689320542806,1340.0,20
0xbd95,CHENRES09DEL02,32,3.7,Sandstorms,Jam,2,Meal,bicycle,1,1,Semi-Urban,35.0,12.418029175076608,15.0,20
0xab88,VADRES11DEL02,27,4.2,Windy,Jam,0,Drinks,scooter,1,1,Semi-Urban,34.0,19.688553005364493,10.0,19
0xb4af,SURRES05DEL03,35,4.5,Sandstorms,Medium,0,Drinks,scooter,0,1,Semi-Urban,26.0,9.121375406203297,15.0,18
0x7a4e,MUMRES08DEL01,34,4.7,Windy,Jam,0,Buffet,scooter,2,1,Semi-Urban,37.0,10.709003371535417,10.0,21
0x5599,JAPRES09DEL02,31,4.2,Stormy,Low,0,Buffet,scooter,0,1,Semi-Urban,33.0,2.979527470384624,15.0,8
0x4804,JAPRES09DEL02,28,5.0,Stormy,High,2,Drinks,scooter,0,1,Semi-Urban,21.0,2.979527470384624,10.0,12
0x8d31,SURRES09DEL01,35,4.6,Fog,Jam,0,Snack,scooter,1,1,Semi-Urban,45.0,16.72115728076054,15.0,21
0xad7f,MYSRES010DEL03,20,4.6,Sunny,Medium,1,Drinks,scooter,1,1,Metropolitian,18.0,13.989584724635527,10.0,18
0xa83f,MUMRES010DEL02,22,4.7,Sandstorms,Medium,2,Drinks,motorcycle,1,1,Semi-Urban,21.0,12.24085827411391,15.0,17
0x9e57,BANGRES17DEL02,22,4.6,Windy,Jam,1,Buffet,bicycle,1,1,Metropolitian,16.0,12.419794286435744,15.0,21
0x5405,MUMRES15DEL01,30,5.0,Cloudy,High,0,Buffet,scooter,1,1,Semi-Urban,27.0,6.117761953594232,5.0,14
0xc0f7,LUDHRES19DEL01,24,4.7,Cloudy,Low,1,Meal,scooter,1,1,Metropolitian,20.0,10.254615880615221,10.0,22
0x5779,BANGRES17DEL01,21,4.7,Windy,Medium,2,Drinks,motorcycle,1,1,Metropolitian,19.0,17.076712975302453,15.0,18
0x62ce,CHENRES13DEL02,21,4.1,Windy,Jam,0,Snack,scooter,1,1,Metropolitian,33.0,12.418462399627495,5.0,20
0xd170,KOLRES15DEL03,27,4.8,Stormy,Medium,1,Snack,bicycle,1,1,Metropolitian,22.0,4.5405743887312955,5.0,17
0x761f,CHENRES03DEL01,29,2.5,Sunny,Low,1,Snack,scooter,2,1,Semi-Urban,35.0,17.07269000033606,15.0,22
0x3b60,INDORES13DEL01,35,4.2,Stormy,Medium,2,Meal,bicycle,1,1,Semi-Urban,35.0,16.63579806090435,10.0,17
0x30a1,HYDRES20DEL03,22,4.9,Stormy,Jam,2,Buffet,bicycle,0,1,Semi-Urban,16.0,13.828140500409722,10.0,20
0x2b88,BANGRES04DEL01,29,4.7,Stormy,Jam,0,Snack,scooter,1,1,Metropolitian,26.0,17.07644834661623,5.0,20
0x29e5,INDORES03DEL01,21,4.9,Sandstorms,Low,1,Buffet,bicycle,1,1,Semi-Urban,19.0,1.5125654463644045,5.0,8
0xc57f,GOARES09DEL02,39,4.9,Windy,Low,2,Snack,bicycle,0,1,Metropolitian,24.0,7.724074530277346,10.0,23
0x8ceb,PUNERES04DEL01,25,4.6,Fog,High,2,Meal,bicycle,1,1,Metropolitian,23.0,6.12918392293498,10.0,12
0xa235,SURRES010DEL03,22,4.6,Sunny,Low,0,Meal,scooter,1,1,Metropolitian,28.0,13.681590426854767,10.0,23
0x7b1d,JAPRES08DEL02,30,4.9,Fog,Low,1,Meal,bicycle,1,1,Metropolitian,15.0,2.9795405223586338,15.0,10
0x7f5c,MUMRES02DEL01,28,4.8,Cloudy,Low,2,Drinks,bicycle,1,1,Semi-Urban,28.0,16.81997876421149,15.0,23
0x43e3,INDORES16DEL02,39,4.4,Fog,Medium,1,Snack,scooter,1,1,Semi-Urban,41.0,12.099390766641623,10.0,17
0x20d6,COIMBRES07DEL01,21,4.3,Fog,Jam,2,Buffet,motorcycle,1,1,Semi-Urban,32.0,17.13921974225849,5.0,21
0xc59a,LUDHRES12DEL03,26,4.6,Sunny,Medium,0,Meal,scooter,1,1,Semi-Urban,29.0,13.184483852766967,10.0,17
0x1ae3,VADRES13DEL02,25,4.8,Sunny,Jam,1,Snack,scooter,0,1,Metropolitian,11.0,19.68841340777118,5.0,19
0xc686,KOLRES12DEL02,31,4.5,Fog,Low,1,Buffet,bicycle,0,1,Semi-Urban,16.0,3.02711617518989,15.0,9
0x116a,JAPRES13DEL02,30,4.7,Windy,Low,1,Meal,bicycle,1,1,Semi-Urban,25.0,19.367701972031078,195.0,20
0x71a1,BANGRES18DEL01,22,4.6,Cloudy,High,0,Buffet,scooter,1,1,Metropolitian,24.0,6.21086415606354,15.0,13
0xa0a1,MYSRES04DEL02,33,4.1,Windy,Low,0,Meal,scooter,1,1,Semi-Urban,34.0,3.109073410946993,10.0,9
0x8d85,RANCHIRES16DEL02,38,4.6,Sandstorms,Medium,1,Snack,bicycle,0,1,Metropolitian,22.0,19.617824561450774,5.0,17
0x4d1d,BANGRES16DEL02,29,4.8,Stormy,Jam,2,Meal,bicycle,0,1,Metropolitian,27.0,12.418408999826822,15.0,19
0x519b,MUMRES06DEL01,24,4.6,Sunny,High,1,Drinks,scooter,1,1,Semi-Urban,13.0,6.1198667120156145,5.0,14
0x1308,HYDRES12DEL02,27,4.9,Cloudy,Low,2,Buffet,bicycle,1,1,Semi-Urban,19.0,7.683782781592617,10.0,0
0xe147,LUDHRES13DEL01,39,4.7,Sunny,Medium,2,Buffet,bicycle,1,1,Semi-Urban,21.0,5.8604207331306855,5.0,15
0x67f4,HYDRES06DEL01,33,4.6,Fog,Low,2,Snack,motorcycle,1,1,Metropolitian,18.0,1.5367312329664098,5.0,9
0x76fc,CHENRES17DEL01,20,4.6,Sandstorms,Low,2,Drinks,bicycle,1,1,Semi-Urban,12.0,17.074256778794595,5.0,22
0xb473,COIMBRES02DEL03,28,4.4,Stormy,Medium,0,Drinks,scooter,1,1,Semi-Urban,39.0,14.021812013196106,15.0,17
0x68eb,RANCHIRES17DEL01,35,4.7,Cloudy,Low,2,Drinks,motorcycle,1,1,Semi-Urban,27.0,16.600066636057477,15.0,23
0xde2b,KOLRES08DEL02,20,4.5,Stormy,Low,1,Snack,scooter,0,1,Semi-Urban,14.0,3.0272487359269546,15.0,8
0x5a1f,SURRES05DEL01,28,4.6,Stormy,Low,2,Snack,bicycle,0,1,Semi-Urban,16.0,1.5203488928264928,10.0,8
0xfa8,MUMRES20DEL03,37,4.0,Stormy,Low,0,Meal,scooter,1,1,Semi-Urban,25.0,9.178296996538572,15.0,23
0x6712,CHENRES02DEL01,33,4.8,Sandstorms,Low,0,Meal,scooter,1,1,Semi-Urban,24.0,10.865065738215941,15.0,23
0xad55,JAPRES17DEL02,20,4.9,Sandstorms,Low,1,Buffet,scooter,0,1,Semi-Urban,11.0,19.36427479298585,5.0,23
0xbbac,MYSRES17DEL02,20,4.8,Windy,Medium,2,Meal,bicycle,1,1,Semi-Urban,26.0,7.772207463584183,10.0,18
0xd1bd,KOCRES010DEL02,27,4.4,Sandstorms,Jam,0,Snack,scooter,0,1,Semi-Urban,37.0,20.285136523122805,10.0,20
0x235d,RANCHIRES04DEL02,28,4.6,Windy,Jam,0,Drinks,scooter,1,1,Semi-Urban,28.0,7.546680469081603,5.0,20
0xad5e,CHENRES19DEL02,33,4.5,Stormy,Medium,2,Snack,scooter,1,1,Semi-Urban,26.0,20.180635114114718,10.0,17
0xa5f2,VADRES010DEL03,28,4.9,Fog,Low,0,Buffet,scooter,1,1,Semi-Urban,22.0,13.631339548300275,15.0,22
0xaddf,CHENRES19DEL02,27,4.7,Sandstorms,Low,2,Drinks,bicycle,0,1,Metropolitian,11.0,3.105049191152739,5.0,8
0xaa40,MYSRES16DEL01,28,4.6,Sandstorms,High,1,Buffet,scooter,0,1,Semi-Urban,11.0,6.2179328802641525,5.0,14
0x1009,INDORES09DEL02,32,4.9,Sandstorms,Low,0,Buffet,scooter,1,1,Metropolitian,22.0,19.661098170299198,15.0,22
0x329e,MUMRES19DEL02,32,4.5,Sandstorms,Medium,1,Buffet,bicycle,1,1,Semi-Urban,20.0,19.882650147415998,10.0,18
0x87bd,CHENRES01DEL02,38,4.8,Cloudy,Medium,2,Buffet,motorcycle,1,1,Metropolitian,15.0,7.762092914972186,10.0,18
0x1c44,HYDRES16DEL03,27,4.6,Sandstorms,Jam,1,Meal,scooter,1,1,Metropolitian,23.0,9.22014751541987,5.0,21
0x77f1,CHENRES02DEL01,27,4.7,Sunny,High,2,Drinks,scooter,1,1,Semi-Urban,19.0,6.208827615119002,10.0,13
0xb4f6,INDORES19DEL03,26,4.1,Cloudy,Jam,1,Snack,bicycle,0,1,Metropolitian,32.0,4.537640130462667,5.0,21
0xc4df,KOCRES14DEL03,32,4.6,Windy,Medium,0,Buffet,scooter,1,1,Semi-Urban,36.0,9.362994333550702,5.0,17
0xde4d,AURGRES19DEL02,37,4.4,Fog,Low,1,Drinks,scooter,0,1,Semi-Urban,32.0,12.210199165539148,10.0,22
0xc65f,KOLRES09DEL02,39,4.9,Stormy,Medium,1,Snack,scooter,0,1,Semi-Urban,32.0,7.568320537709234,10.0,18
0x7ed9,VADRES05DEL03,38,4.9,Stormy,Jam,1,Snack,bicycle,1,1,Semi-Urban,26.0,13.631330662170873,5.0,20
0x2252,COIMBRES03DEL01,24,4.9,Cloudy,High,0,Snack,scooter,1,1,Metropolitian,25.0,6.232150258829198,10.0,12
0xae03,MYSRES19DEL03,26,5.0,Stormy,Low,1,Drinks,bicycle,1,1,Metropolitian,16.0,4.663344843093785,15.0,23
0x3529,SURRES04DEL02,36,4.7,Stormy,Low,1,Meal,scooter,1,1,Metropolitian,21.0,3.0406653633176113,10.0,8
0xd2a6,LUDHRES05DEL02,27,4.8,Sandstorms,Low,2,Snack,scooter,1,1,Metropolitian,16.0,19.041522215513627,10.0,23
0x9a21,JAPRES01DEL02,38,4.6,Sandstorms,Low,1,Buffet,scooter,1,1,Semi-Urban,24.0,11.916994721599234,5.0,0
0x912f,BANGRES19DEL03,32,4.8,Sunny,Jam,2,Meal,bicycle,1,1,Metropolitian,17.0,4.65818248829983,10.0,20
0xdec1,AURGRES07DEL03,26,4.6,Fog,Low,1,Meal,bicycle,0,1,Metropolitian,19.0,4.579042936877916,10.0,23
0xae7d,JAPRES14DEL01,30,4.2,Sandstorms,Jam,1,Meal,scooter,1,1,Semi-Urban,43.0,16.38598063528554,10.0,20
0x9417,BANGRES16DEL03,33,4.8,Sunny,Medium,2,Buffet,scooter,1,1,Metropolitian,21.0,4.65713301884333,10.0,18
0xaad1,INDORES09DEL01,23,4.7,Stormy,Medium,0,Buffet,scooter,2,1,Semi-Urban,36.0,10.587815903448679,15.0,17
0x5c5d,INDORES02DEL01,22,4.6,Fog,Low,2,Snack,bicycle,1,1,Semi-Urban,27.0,10.590448391072325,10.0,22
0x994a,HYDRES05DEL02,36,5.0,Windy,Jam,0,Drinks,scooter,1,1,Semi-Urban,49.0,19.975520086221444,5.0,19
0x2219,HYDRES08DEL02,30,5.0,Cloudy,Medium,0,Snack,scooter,1,1,Semi-Urban,37.0,19.975286862388522,15.0,18
0x331a,RANCHIRES04DEL03,21,4.3,Sandstorms,Jam,0,Snack,scooter,1,1,Metropolitian,38.0,4.528164580408178,5.0,21
0x2380,SURRES19DEL02,30,4.7,Sunny,Low,2,Buffet,motorcycle,0,1,Semi-Urban,12.0,3.0408931296411703,5.0,10
0x3069,RANCHIRES11DEL03,21,4.6,Fog,Jam,0,Buffet,scooter,1,1,Semi-Urban,21.0,4.528162065607132,15.0,19
0xd325,KNPRES13DEL01,27,4.2,Cloudy,Jam,2,Drinks,motorcycle,0,1,Semi-Urban,38.0,16.41201262107611,5.0,20
0x93b7,SURRES19DEL01,25,4.6,Stormy,Low,2,Buffet,scooter,1,1,Metropolitian,19.0,10.64228895373868,5.0,23
0x6eba,HYDRES12DEL03,29,4.6,Fog,Medium,0,Meal,scooter,1,1,Semi-Urban,38.0,13.830084721845328,10.0,17
0x5e41,SURRES05DEL03,36,4.5,Windy,Medium,1,Drinks,scooter,1,1,Metropolitian,22.0,13.681416111912892,5.0,18
0x9063,MYSRES19DEL01,38,4.8,Fog,Low,1,Drinks,scooter,1,1,Metropolitian,17.0,1.5544772821910615,5.0,9
0x326f,MUMRES02DEL01,38,4.6,Windy,Medium,2,Meal,bicycle,1,1,Semi-Urban,33.0,6.116971669682334,5.0,15
0x3b4d,JAPRES15DEL02,38,4.6,Cloudy,Jam,0,Buffet,scooter,1,1,Metropolitian,32.0,7.4489701519330795,15.0,21
0x9671,SURRES07DEL02,29,4.8,Stormy,Jam,2,Drinks,bicycle,1,1,Semi-Urban,29.0,19.76106632827125,10.0,21
0x3ba9,INDORES09DEL03,31,4.5,Sunny,Jam,2,Meal,bicycle,1,1,Semi-Urban,24.0,13.61244755449679,10.0,21
0x56fc,MUMRES13DEL02,27,4.9,Fog,Medium,0,Snack,scooter,0,1,Semi-Urban,37.0,19.880040740546,10.0,18
0x8ecd,COIMBRES010DEL02,20,4.9,Fog,Low,0,Drinks,scooter,0,1,Semi-Urban,24.0,20.25378851608599,10.0,23
0x202d,PUNERES08DEL02,29,4.5,Cloudy,Jam,0,Buffet,scooter,1,2,Metropolitian,47.0,12.25701219409813,5.0,20
0xb5bc,VADRES19DEL01,33,4.0,Sandstorms,High,0,Meal,scooter,1,1,Semi-Urban,32.0,6.058844117462931,10.0,13
0x6629,HYDRES01DEL02,27,4.8,Sunny,Jam,2,Meal,bicycle,0,1,Semi-Urban,21.0,12.294187491090895,15.0,20
0xc33f,DEHRES17DEL01,30,4.9,Sandstorms,Low,2,Drinks,bicycle,1,1,Semi-Urban,17.0,16.153788730846898,5.0,23
0x1551,INDORES010DEL02,20,4.9,Cloudy,Low,0,Buffet,scooter,1,1,Semi-Urban,24.0,19.659494006263994,5.0,23
0x30f4,RANCHIRES13DEL03,22,4.7,Fog,Jam,1,Meal,bicycle,2,2,Semi-Urban,39.0,13.582337494192412,5.0,20
0xa6a9,MYSRES12DEL02,36,5.0,Windy,Low,1,Snack,scooter,1,1,Semi-Urban,23.0,12.436148456121032,10.0,22
0x9095,COIMBRES12DEL01,34,5.0,Fog,Jam,1,Snack,bicycle,0,1,Semi-Urban,40.0,10.906432552887628,10.0,19
0x62af,HYDRES18DEL01,24,4.8,Stormy,High,0,Drinks,scooter,1,1,Semi-Urban,24.0,6.146764727341459,10.0,12
0xaacc,PUNERES16DEL02,30,4.7,Windy,Jam,0,Snack,scooter,2,1,Semi-Urban,44.0,7.660895664241821,15.0,20
0x143c,RANCHIRES11DEL01,37,4.6,Fog,Low,2,Meal,scooter,1,1,Metropolitian,17.0,1.509439424217718,15.0,10
0xbae8,MUMRES07DEL01,20,4.8,Cloudy,High,0,Buffet,scooter,0,1,Semi-Urban,27.0,1.5298767913547426,15.0,11
0x2918,MYSRES09DEL02,32,4.5,Windy,Low,0,Buffet,scooter,0,1,Semi-Urban,28.0,20.20634606758301,15.0,22
0xb40e,COIMBRES08DEL01,29,4.7,Windy,Jam,1,Snack,scooter,1,1,Metropolitian,24.0,17.138074588551884,5.0,20
0xc848,BHPRES15DEL03,27,4.3,Sandstorms,Jam,0,Snack,scooter,1,1,Semi-Urban,35.0,4.530109268846602,5.0,21
0x967e,HYDRES16DEL01,22,4.9,Cloudy,Low,1,Meal,bicycle,1,1,Semi-Urban,12.0,1.5367917694809952,15.0,10
0x1013,COIMBRES03DEL01,28,4.9,Stormy,Jam,0,Meal,scooter,1,1,Semi-Urban,26.0,17.137407700371956,15.0,19
0x16c0,MUMRES09DEL01,30,4.7,Stormy,Low,2,Drinks,bicycle,0,1,Metropolitian,12.0,16.830914549955864,180.0,20
0x640d,MYSRES09DEL02,20,4.8,Stormy,Low,2,Snack,bicycle,0,1,Metropolitian,10.0,7.772253320446165,15.0,23
0x3208,JAPRES20DEL03,20,4.7,Cloudy,Low,1,Meal,bicycle,1,1,Metropolitian,29.0,13.403654333869838,10.0,22
0x5971,RANCHIRES05DEL02,27,4.8,Stormy,High,2,Drinks,bicycle,1,1,Metropolitian,17.0,3.0188687420087144,10.0,11
0x857f,JAPRES08DEL02,39,5.0,Cloudy,Jam,0,Drinks,scooter,3,1,Urban,53.0,19.362825446415226,10.0,21
0xdfb6,KNPRES16DEL01,32,4.7,Sandstorms,Medium,2,Meal,bicycle,1,1,Semi-Urban,22.0,10.44477615516592,15.0,18
0xc222,GOARES16DEL02,31,4.5,Sandstorms,Low,0,Buffet,scooter,0,1,Semi-Urban,25.0,7.720586657032256,10.0,23
0x6625,MYSRES08DEL01,24,4.4,Sandstorms,Medium,0,Snack,scooter,0,1,Semi-Urban,35.0,10.881463659821872,15.0,17
0xc60f,AURGRES15DEL02,33,4.3,Cloudy,Jam,2,Drinks,motorcycle,0,1,Semi-Urban,41.0,19.839448163880707,5.0,19
0x333d,RANCHIRES04DEL03,24,4.7,Fog,Low,0,Meal,scooter,1,1,Metropolitian,21.0,13.58308621493501,5.0,22
0x1404,BANGRES11DEL02,37,4.7,Stormy,Medium,1,Snack,scooter,1,1,Metropolitian,25.0,7.763180727989779,5.0,18
0xc4e,PUNERES17DEL03,21,4.6,Sunny,Jam,2,Snack,scooter,0,1,Metropolitian,17.0,9.193093962702912,10.0,19
0x419c,RANCHIRES06DEL01,28,4.7,Sandstorms,High,0,Snack,scooter,0,1,Metropolitian,38.0,6.037474189824093,15.0,12
0x25fe,RANCHIRES18DEL01,39,4.1,Stormy,Jam,0,Buffet,scooter,1,1,Semi-Urban,47.0,16.601408334261674,15.0,21
0x42a8,RANCHIRES07DEL01,31,4.6,Cloudy,Medium,2,Snack,bicycle,1,1,Semi-Urban,17.0,6.037440799484659,10.0,15
0x9d17,PUNERES16DEL01,38,4.6,Sunny,Low,1,Snack,scooter,0,1,Semi-Urban,26.0,16.85256546543028,5.0,23
0xc511,DEHRES06DEL02,26,4.7,Fog,Medium,2,Snack,bicycle,0,1,Semi-Urban,35.0,11.74727128400586,5.0,17
0x42c1,PUNERES15DEL01,28,5.0,Cloudy,Low,0,Drinks,scooter,1,1,Semi-Urban,19.0,1.5318406299867455,15.0,9
0xc423,KNPRES18DEL02,39,4.8,Fog,Low,1,Meal,scooter,1,1,Metropolitian,18.0,2.984608225622922,15.0,10
0x7776,MYSRES11DEL01,20,4.9,Windy,High,0,Drinks,scooter,1,1,Semi-Urban,31.0,6.217860329667253,10.0,14
0x3f06,MUMRES04DEL02,31,4.8,Windy,Low,2,Snack,bicycle,1,1,Semi-Urban,20.0,3.0582815752499948,5.0,9
0x8df,JAPRES20DEL02,30,4.7,Cloudy,Jam,1,Meal,bicycle,1,1,Semi-Urban,28.0,7.447061074885405,1385.0,20
0xc195,KNPRES15DEL03,36,4.9,Sandstorms,Medium,0,Snack,scooter,1,1,Semi-Urban,39.0,4.4766822068479915,5.0,17
0x2083,BANGRES07DEL03,29,4.6,Cloudy,Medium,2,Buffet,bicycle,0,1,Metropolitian,14.0,4.657597469270872,10.0,18
0xdeb7,AGRRES03DEL03,30,4.5,Sunny,Medium,1,Drinks,scooter,1,1,Semi-Urban,23.0,8.929090496038414,15.0,17
0x2bfd,PUNERES010DEL02,30,4.2,Sandstorms,Low,0,Drinks,scooter,0,1,Metropolitian,26.0,3.0644638558352577,5.0,10
0x811c,MUMRES17DEL01,21,4.7,Sandstorms,Low,0,Drinks,scooter,1,1,Semi-Urban,15.0,16.824772113250837,5.0,22
0x7939,SURRES16DEL01,38,4.5,Sandstorms,Jam,1,Buffet,scooter,1,1,Semi-Urban,43.0,16.721976048741215,5.0,21
0xbc89,SURRES17DEL01,32,4.8,Stormy,Medium,0,Meal,scooter,1,1,Semi-Urban,28.0,6.081596950437154,5.0,15
0x7e2f,RANCHIRES17DEL01,31,5.0,Sunny,Low,1,Drinks,bicycle,1,1,Metropolitian,13.0,1.5093577696337532,10.0,10
0x5be6,MYSRES13DEL02,22,4.5,Fog,Jam,0,Snack,scooter,1,1,Semi-Urban,47.0,12.435540495461442,15.0,20
0x9b8e,HYDRES12DEL03,25,4.8,Windy,Jam,1,Drinks,scooter,0,1,Metropolitian,18.0,13.830084721845328,15.0,20
0x6733,BANGRES12DEL01,36,4.2,Windy,Low,0,Drinks,scooter,0,1,Semi-Urban,30.0,1.5526813140972442,15.0,9
0xc418,GOARES14DEL03,20,4.7,Cloudy,Low,1,Snack,scooter,0,1,Metropolitian,11.0,9.271888389475569,10.0,22
0x3bc8,VADRES010DEL03,30,4.8,Fog,Jam,2,Snack,bicycle,1,1,Semi-Urban,35.0,9.088011034370513,5.0,20
0x8a6f,JAPRES14DEL02,36,4.8,Windy,Low,1,Buffet,scooter,1,1,Semi-Urban,26.0,7.449051156906713,5.0,22
0x20c6,RANCHIRES18DEL01,27,4.7,Sunny,Medium,0,Snack,scooter,0,1,Semi-Urban,21.0,6.037605711784208,5.0,16
0xc91a,AURGRES18DEL03,33,3.9,Sandstorms,Jam,1,Meal,bicycle,1,1,Semi-Urban,43.0,13.735383556628708,10.0,21
0x4679,MUMRES07DEL02,31,4.9,Sunny,Low,0,Drinks,scooter,0,1,Semi-Urban,21.0,19.884989093916975,15.0,23
0x843b,COIMBRES06DEL02,37,3.8,Stormy,Jam,1,Drinks,scooter,1,1,Semi-Urban,32.0,20.253088868519526,15.0,20
0x2591,INDORES06DEL02,31,4.9,Windy,Jam,1,Snack,bicycle,0,1,Semi-Urban,31.0,7.562921044749782,15.0,21
0x4063,PUNERES13DEL03,30,4.4,Cloudy,Jam,0,Meal,scooter,1,1,Semi-Urban,32.0,9.192290417405088,15.0,19
0x6435,COIMBRES07DEL03,27,4.0,Fog,Jam,1,Drinks,bicycle,2,1,Semi-Urban,34.0,4.674644234401863,15.0,19
0xaf8a,SURRES13DEL02,39,4.1,Windy,Jam,0,Drinks,scooter,1,1,Metropolitian,37.0,19.761110067714096,5.0,22
0x88c6,MUMRES05DEL02,36,4.9,Windy,Low,1,Snack,scooter,1,1,Metropolitian,22.0,3.0611340136861775,10.0,8
0x19a2,RANCHIRES06DEL03,23,5.0,Stormy,Medium,0,Buffet,scooter,1,1,Semi-Urban,26.0,9.055898607912091,15.0,17
0x72ef,CHENRES15DEL03,35,5.0,Stormy,Low,1,Snack,bicycle,1,1,Semi-Urban,21.0,4.657159718107683,15.0,22
0xf39,MYSRES01DEL01,24,4.8,Windy,Low,2,Meal,bicycle,0,1,Semi-Urban,14.0,1.5545437335214782,5.0,10
0x94b6,BANGRES08DEL02,31,4.5,Cloudy,Low,1,Buffet,bicycle,1,1,Semi-Urban,36.0,12.421407858787804,10.0,22
0x2f16,RANCHIRES05DEL03,26,4.8,Sunny,Low,0,Snack,scooter,1,1,Semi-Urban,29.0,13.583267699065033,5.0,22
0x4ba0,MUMRES03DEL01,39,4.8,Sunny,High,0,Buffet,scooter,1,1,Semi-Urban,23.0,6.116927321899057,5.0,13
0xcb52,AURGRES15DEL03,21,4.4,Sandstorms,Low,0,Snack,scooter,1,1,Semi-Urban,27.0,4.5790141674924385,10.0,22
0x76e,PUNERES05DEL02,30,4.7,Stormy,Low,2,Meal,scooter,1,1,Metropolitian,15.0,3.0644270930248725,5.0,8
0x6156,JAPRES010DEL03,35,4.9,Fog,Jam,2,Drinks,bicycle,1,1,Semi-Urban,43.0,13.405500819756533,15.0,21
0x4ae7,SURRES02DEL03,28,4.9,Cloudy,Medium,1,Meal,scooter,0,1,Metropolitian,12.0,4.560738018710785,15.0,18
0x66f,RANCHIRES16DEL02,30,4.7,Windy,Jam,0,Snack,scooter,2,1,Semi-Urban,53.0,19.617824561450774,1400.0,20
0x8a2b,CHENRES18DEL03,22,4.9,Cloudy,Jam,0,Drinks,scooter,0,1,Semi-Urban,26.0,9.314862687658115,10.0,20
0x4bea,MYSRES11DEL01,31,3.5,Windy,Jam,2,Buffet,motorcycle,1,1,Semi-Urban,32.0,10.88095073745098,10.0,21
0xd744,ALHRES16DEL03,23,4.9,Fog,Low,0,Buffet,scooter,0,1,Metropolitian,22.0,20.9689888507192,10.0,22
0xd81e,LUDHRES06DEL02,22,4.7,Sandstorms,Medium,1,Meal,bicycle,1,1,Semi-Urban,22.0,7.325299567377126,10.0,18
0xca4b,BHPRES08DEL02,32,4.9,Windy,Medium,2,Meal,scooter,0,1,Semi-Urban,27.0,7.549967178616325,5.0,17
0x9d58,BANGRES13DEL03,34,4.4,Cloudy,Medium,0,Drinks,scooter,1,1,Semi-Urban,34.0,4.657987774595948,15.0,18
0xa892,INDORES07DEL03,36,4.9,Sunny,Low,2,Meal,motorcycle,1,1,Semi-Urban,18.0,9.075521306663484,5.0,22
0x34f4,COIMBRES15DEL02,28,4.6,Cloudy,Jam,2,Snack,bicycle,0,1,Semi-Urban,21.0,7.79036212453358,15.0,19
0x3f86,MYSRES13DEL01,21,4.9,Stormy,Jam,2,Drinks,bicycle,1,1,Semi-Urban,21.0,17.09838855662463,5.0,20
0x4cbf,HYDRES03DEL01,27,4.8,Stormy,Low,2,Buffet,scooter,1,1,Metropolitian,15.0,16.9032932130662,5.0,23
0x9a6e,HYDRES19DEL02,37,4.6,Windy,Low,2,Meal,motorcycle,1,1,Semi-Urban,22.0,3.0733972976360437,10.0,9
0xdd8,VADRES010DEL02,30,4.7,Sandstorms,Medium,2,Meal,bicycle,1,1,Metropolitian,27.0,12.116946920849994,1250.0,20
0x1ac7,SURRES14DEL02,20,4.6,Stormy,Jam,1,Meal,bicycle,1,1,Metropolitian,16.0,12.162115936702182,5.0,20
0x98ea,INDORES05DEL03,36,5.0,Sandstorms,Jam,2,Meal,scooter,1,1,Semi-Urban,27.0,13.612393202818852,15.0,19
0x3b81,VADRES01DEL01,36,4.9,Cloudy,Jam,0,Drinks,scooter,1,1,Semi-Urban,44.0,10.602589325657691,10.0,21
0x5a3f,MYSRES12DEL02,34,4.7,Sunny,Low,0,Snack,scooter,1,1,Semi-Urban,30.0,12.436148456121032,10.0,23
0x78ef,INDORES14DEL01,31,4.0,Stormy,Medium,1,Drinks,scooter,1,1,Semi-Urban,31.0,6.04975791889521,15.0,16
0xa312,BANGRES05DEL01,38,4.8,Stormy,Jam,0,Snack,scooter,2,1,Semi-Urban,39.0,17.0767871164594,15.0,21
0x73d2,BANGRES01DEL03,22,4.9,Sandstorms,Jam,1,Meal,scooter,1,1,Metropolitian,23.0,9.315745361545886,5.0,21
0xab7a,JAPRES02DEL02,35,4.1,Stormy,Jam,0,Buffet,scooter,1,1,Semi-Urban,40.0,19.362530001074912,10.0,20
0x1846,PUNERES06DEL02,29,4.7,Fog,Jam,0,Buffet,scooter,1,1,Semi-Urban,47.0,12.25659774869038,5.0,19
0x3f77,SURRES17DEL01,26,4.8,Stormy,Jam,0,Snack,scooter,1,1,Semi-Urban,37.0,10.642292301678435,10.0,21
0x421a,RANCHIRES01DEL03,34,4.1,Windy,Jam,2,Meal,bicycle,1,1,Semi-Urban,32.0,9.054052950169499,15.0,21
0xb143,RANCHIRES13DEL03,24,4.6,Sunny,Low,0,Buffet,scooter,0,1,Semi-Urban,18.0,9.055361318453961,10.0,22
0x493,HYDRES17DEL01,50,6.0,Sunny,Low,3,Snack,electric_scooter,0,1,Semi-Urban,27.0,16.902001940859687,165.0,20
0x4858,BANGRES02DEL01,39,4.6,Sunny,Medium,1,Drinks,scooter,1,1,Semi-Urban,22.0,10.867476143445908,15.0,18
0xba58,CHENRES01DEL03,23,4.3,Stormy,Low,0,Buffet,scooter,0,1,Semi-Urban,26.0,9.314419797615273,5.0,22
0x8118,JAPRES17DEL01,33,4.0,Fog,Medium,2,Snack,bicycle,0,1,Semi-Urban,43.0,10.428102699087153,5.0,17
0xd49d,KNPRES12DEL03,26,5.0,Sandstorms,Medium,0,Drinks,scooter,1,1,Semi-Urban,27.0,4.476514374571238,10.0,17
0x8a54,INDORES12DEL02,27,4.9,Sunny,Low,1,Drinks,bicycle,0,1,Semi-Urban,26.0,12.099251698246315,15.0,23
0xd618,KOCRES05DEL02,27,4.9,Fog,Low,2,Buffet,bicycle,0,1,Semi-Urban,14.0,3.1213596766572995,5.0,8
0xb3d3,MUMRES20DEL03,28,3.8,Sunny,Jam,0,Snack,scooter,1,2,Semi-Urban,46.0,9.178296996538572,10.0,19
0x5c00,MYSRES09DEL02,38,4.6,Stormy,Low,1,Snack,bicycle,1,1,Semi-Urban,26.0,3.1089883297657854,5.0,10
0xac10,MUMRES010DEL03,24,4.9,Windy,Jam,2,Buffet,bicycle,1,1,Metropolitian,28.0,13.77076958377127,10.0,19
0x20b8,RANCHIRES16DEL01,32,4.9,Cloudy,Low,1,Drinks,scooter,0,1,Metropolitian,15.0,1.5093764432901144,10.0,9
0xa204,RANCHIRES18DEL01,33,4.3,Stormy,High,0,Meal,scooter,1,1,Semi-Urban,33.0,6.037605711784208,10.0,12
0xe38,JAPRES09DEL02,35,4.7,Fog,Jam,0,Buffet,scooter,1,1,Semi-Urban,50.0,11.916705005077658,10.0,21
0xa28e,COIMBRES20DEL03,21,4.7,Sandstorms,Jam,1,Meal,bicycle,1,1,Metropolitian,25.0,9.348552276072713,5.0,19
0x4229,INDORES06DEL01,38,4.3,Windy,Jam,0,Snack,scooter,2,1,Semi-Urban,53.0,16.636744591831217,15.0,21
0x793f,HYDRES16DEL02,37,4.9,Sunny,Jam,0,Meal,scooter,1,1,Semi-Urban,27.0,7.683556858430526,5.0,19
0x4737,JAPRES11DEL03,31,4.8,Fog,Low,2,Meal,bicycle,1,1,Semi-Urban,16.0,4.469351491411031,15.0,23
0x1620,INDORES04DEL01,27,5.0,Cloudy,High,0,Meal,scooter,1,1,Semi-Urban,29.0,6.049919555217586,15.0,14
0xc8ef,GOARES15DEL03,39,4.8,Sunny,Low,1,Snack,bicycle,1,1,Semi-Urban,19.0,4.632302885852554,15.0,22
0x3a65,SURRES03DEL02,36,4.1,Fog,Low,0,Drinks,scooter,1,1,Semi-Urban,39.0,12.160999124282084,10.0,23
0xe60,HYDRES07DEL01,30,4.7,Sandstorms,Low,0,Meal,scooter,1,1,Semi-Urban,28.0,10.757168277315147,170.0,20
0x91fc,INDORES06DEL02,39,4.9,Sunny,Jam,1,Snack,scooter,1,1,Semi-Urban,22.0,12.100062421152574,10.0,19
0x913,PUNERES07DEL02,25,4.8,Sandstorms,Medium,0,Drinks,scooter,1,1,Semi-Urban,25.0,7.660678233235288,15.0,18
0xab7,MUMRES02DEL02,30,4.7,Sandstorms,Jam,0,Snack,scooter,1,1,Semi-Urban,27.0,19.877584031408645,25.0,20
0x4e92,COIMBRES11DEL02,22,4.9,Windy,Medium,0,Snack,scooter,1,1,Semi-Urban,20.0,7.790426271963797,10.0,17
0x25aa,RANCHIRES17DEL02,32,4.9,Fog,Medium,0,Snack,scooter,1,1,Semi-Urban,28.0,7.546267706957737,15.0,17
0x37bb,SURRES03DEL01,30,4.7,Windy,Medium,0,Buffet,scooter,0,1,Semi-Urban,44.0,10.641042055468692,10.0,17
0x6ae,RANCHIRES20DEL02,30,4.7,Windy,Low,2,Buffet,bicycle,0,1,Semi-Urban,14.0,3.0184094452114865,805.0,20
0x2a28,JAPRES02DEL03,33,4.7,Fog,Jam,1,Buffet,scooter,0,1,Metropolitian,35.0,13.405883851779583,5.0,21
0x525,MUMRES20DEL02,30,4.7,Sunny,Low,3,Snack,motorcycle,1,1,Semi-Urban,24.0,7.6486901013625275,1250.0,20
0x9d7b,JAPRES17DEL02,36,4.9,Windy,Jam,2,Drinks,bicycle,1,1,Semi-Urban,32.0,7.448937379729502,15.0,21
0x578c,MUMRES19DEL03,24,4.8,Stormy,Medium,0,Meal,scooter,1,1,Semi-Urban,24.0,4.588898780683796,5.0,18
0x3162,SURRES12DEL03,24,4.7,Cloudy,Medium,2,Buffet,bicycle,0,1,Metropolitian,12.0,4.560783589287684,5.0,18
0xd7ce,KOCRES01DEL03,37,4.2,Windy,Low,0,Buffet,scooter,0,1,Semi-Urban,34.0,9.363672588462148,15.0,23
0x15bc,MUMRES07DEL03,25,5.0,Windy,Jam,1,Meal,bicycle,1,1,Metropolitian,29.0,9.17860595704086,5.0,19
0x8564,VADRES13DEL02,21,4.5,Fog,High,1,Snack,bicycle,0,1,Semi-Urban,29.0,3.0295383085102507,15.0,12
0xbab8,COIMBRES12DEL02,21,4.6,Fog,Low,0,Buffet,scooter,0,1,Semi-Urban,24.0,7.790439155314363,5.0,22
0x3061,HYDRES17DEL03,26,4.8,Cloudy,Jam,0,Snack,scooter,1,1,Semi-Urban,37.0,13.829273672567021,5.0,19
0xb53c,JAPRES04DEL03,38,4.9,Stormy,Low,1,Buffet,bicycle,0,1,Semi-Urban,29.0,8.938197833558919,10.0,0
0xbdce,BANGRES04DEL03,33,3.8,Stormy,Medium,1,Meal,scooter,2,1,Metropolitian,37.0,13.97191478756942,5.0,18
0x4f2,JAPRES08DEL01,50,6.0,Sunny,Low,3,Drinks,bicycle,1,1,Semi-Urban,20.0,16.384574278446483,1335.0,20
0xac8e,PUNERES16DEL01,35,4.3,Sandstorms,Medium,1,Drinks,scooter,1,1,Semi-Urban,33.0,6.1288740968464825,15.0,16
0x1465,COIMBRES19DEL03,21,4.6,Fog,Jam,0,Meal,scooter,1,1,Semi-Urban,25.0,4.674173521866281,5.0,20
0xb60,MUMRES010DEL03,27,4.6,Fog,Jam,0,Buffet,scooter,0,1,Metropolitian,20.0,4.590648124312415,5.0,19
0x2b2a,SURRES09DEL03,33,4.7,Stormy,Low,1,Meal,bicycle,1,1,Semi-Urban,25.0,4.560890658020926,10.0,22
0x3b85,PUNERES05DEL03,25,4.6,Cloudy,Jam,0,Drinks,scooter,1,1,Semi-Urban,27.0,9.192770952683546,10.0,21
0xc84a,AURGRES19DEL02,28,4.7,Windy,Low,1,Meal,bicycle,0,1,Metropolitian,18.0,3.0528213653155487,5.0,10
0x6fae,INDORES17DEL03,25,4.8,Windy,Jam,2,Drinks,bicycle,1,1,Semi-Urban,26.0,4.537400479091801,15.0,21
0x4efd,MUMRES08DEL03,23,4.7,Sunny,Jam,2,Buffet,motorcycle,1,1,Semi-Urban,14.0,9.179276688028636,5.0,21
0x33ad,BANGRES15DEL02,20,4.6,Cloudy,Low,2,Snack,bicycle,1,1,Semi-Urban,20.0,20.181059137197778,10.0,23
0x8b87,HYDRES08DEL02,37,4.5,Stormy,Jam,1,Snack,scooter,1,1,Semi-Urban,36.0,12.293290453033773,10.0,20
0xa9f9,SURRES07DEL01,36,4.8,Fog,Low,2,Meal,motorcycle,1,1,Metropolitian,17.0,1.520369481743939,15.0,8
0x26a7,CHENRES03DEL02,39,5.0,Cloudy,Medium,2,Meal,bicycle,0,1,Semi-Urban,15.0,7.760775621293676,15.0,18
0x3a3a,BANGRES17DEL03,22,4.7,Sandstorms,Low,1,Drinks,bicycle,0,1,Metropolitian,10.0,4.657651549280329,5.0,22
0x3642,MUMRES16DEL02,20,4.8,Stormy,Medium,2,Snack,bicycle,1,1,Semi-Urban,28.0,12.236790662986138,15.0,18
0x7a8,JAPRES16DEL01,29,4.8,Stormy,Medium,2,Drinks,bicycle,0,1,Metropolitian,20.0,5.960265171500215,5.0,16
0x4323,MYSRES02DEL02,38,5.0,Sandstorms,Low,2,Drinks,scooter,0,1,Semi-Urban,22.0,7.7725232004434295,5.0,22
0x792d,COIMBRES05DEL02,33,4.8,Sunny,Jam,1,Snack,scooter,1,1,Metropolitian,15.0,7.790160607220383,15.0,19
0xa79,MYSRES010DEL01,37,4.5,Cloudy,Jam,0,Drinks,scooter,1,1,Semi-Urban,48.0,17.09806123890409,5.0,19
0x9c05,SURRES07DEL02,38,4.8,Windy,Low,2,Drinks,motorcycle,1,1,Metropolitian,20.0,3.0406911398037053,10.0,9
0xb1a6,RANCHIRES19DEL02,30,4.6,Cloudy,Medium,1,Drinks,bicycle,1,1,Semi-Urban,18.0,7.547357671334388,10.0,18
0xccf,PUNERES18DEL02,29,5.0,Sunny,Jam,2,Buffet,scooter,0,1,Semi-Urban,23.0,12.254988311075596,15.0,20
0x3ab8,PUNERES05DEL01,22,4.6,Fog,High,2,Drinks,bicycle,1,1,Metropolitian,30.0,1.532234790495708,15.0,11
0xa3e8,HYDRES13DEL03,23,4.6,Sunny,Jam,0,Snack,scooter,2,1,Semi-Urban,33.0,13.830016226508704,5.0,19
0x2674,SURRES15DEL01,21,4.7,Sandstorms,Medium,1,Drinks,bicycle,1,1,Semi-Urban,20.0,6.081387490813416,5.0,15
0xb7a5,MUMRES20DEL03,35,4.5,Stormy,Jam,2,Drinks,bicycle,1,1,Semi-Urban,27.0,13.76685500858734,15.0,20
0x91f4,RANCHIRES06DEL02,34,4.8,Sunny,Jam,2,Drinks,bicycle,1,1,Semi-Urban,30.0,19.618739348801018,15.0,19
0xda83,GOARES16DEL03,26,4.5,Fog,Medium,0,Buffet,scooter,1,1,Metropolitian,29.0,9.264595774312454,10.0,17
0x66c0,RANCHIRES05DEL02,28,4.5,Cloudy,Medium,0,Drinks,scooter,1,1,Semi-Urban,30.0,12.074224380435524,15.0,18
0x5f1,CHENRES12DEL03,30,4.7,Windy,Jam,0,Meal,scooter,1,1,Metropolitian,31.0,4.657649165910802,75.0,20
0x66d6,CHENRES17DEL01,28,3.3,Sunny,Low,2,Buffet,bicycle,0,1,Semi-Urban,42.0,10.86586608780909,5.0,22
0xc0d2,ALHRES15DEL02,36,4.5,Fog,Jam,0,Buffet,scooter,1,1,Semi-Urban,30.0,7.490199554499683,15.0,20
0x579c,MYSRES07DEL02,21,4.5,Fog,Jam,0,Snack,scooter,1,1,Semi-Urban,38.0,20.206260324074304,5.0,19
0x4994,MUMRES11DEL01,28,4.7,Sandstorms,Low,1,Meal,scooter,1,1,Metropolitian,19.0,10.711185800959658,5.0,23
0x1ebf,COIMBRES08DEL01,30,4.7,Sandstorms,Medium,1,Snack,bicycle,0,1,Metropolitian,21.0,6.2323920207909005,1170.0,20
0xc342,KNPRES15DEL01,29,5.0,Fog,High,2,Drinks,bicycle,1,1,Semi-Urban,28.0,5.9687940679837075,10.0,13
0x208a,CHENRES18DEL03,22,5.0,Windy,Jam,0,Buffet,scooter,1,1,Semi-Urban,35.0,9.314862687658115,10.0,20
0x1479,PUNERES11DEL02,33,4.5,Cloudy,Jam,0,Snack,scooter,1,1,Semi-Urban,53.0,19.916274899797408,5.0,19
0x3a87,SURRES010DEL02,24,4.9,Sunny,Low,2,Buffet,bicycle,0,1,Semi-Urban,17.0,7.601362669750945,10.0,22
0xbbb3,MYSRES010DEL02,39,4.1,Stormy,Medium,0,Drinks,scooter,1,1,Semi-Urban,34.0,7.772282029629311,10.0,18
0x774c,JAPRES05DEL02,29,5.0,Fog,Low,2,Meal,bicycle,0,1,Semi-Urban,20.0,11.916990180554908,15.0,22
0x4d89,SURRES18DEL01,33,4.1,Sandstorms,Jam,1,Meal,scooter,1,1,Metropolitian,38.0,10.642283429605715,15.0,20
0x2059,PUNERES14DEL02,28,4.6,Fog,Medium,1,Drinks,bicycle,1,1,Semi-Urban,17.0,7.661331134220826,5.0,17
0x1c66,JAPRES09DEL02,29,4.2,Fog,Jam,1,Buffet,scooter,1,1,Semi-Urban,32.0,7.448379823536196,5.0,21
0x8ff9,HYDRES15DEL03,22,4.9,Stormy,Jam,2,Meal,bicycle,1,1,Semi-Urban,21.0,4.610027010711368,10.0,19
0x4e71,MUMRES11DEL01,32,4.6,Stormy,Medium,1,Drinks,scooter,1,1,Semi-Urban,27.0,6.120938502923837,5.0,15
0x85fc,BANGRES12DEL03,21,3.7,Sunny,Jam,0,Drinks,scooter,1,2,Semi-Urban,41.0,9.31563208704705,10.0,21
0x2465,CHENRES19DEL02,21,4.2,Cloudy,Medium,2,Meal,motorcycle,1,1,Semi-Urban,35.0,20.180635114114718,10.0,18
0xcfad,KOLRES14DEL02,25,4.0,Stormy,Low,0,Meal,scooter,0,1,Semi-Urban,23.0,7.567362984077063,5.0,23
0x8184,RANCHIRES08DEL03,24,4.6,Stormy,Jam,1,Snack,bicycle,0,1,Semi-Urban,19.0,4.5282465767387095,15.0,19
0x95d0,SURRES11DEL01,29,4.6,Sandstorms,High,1,Meal,bicycle,1,1,Semi-Urban,18.0,6.081440797008078,5.0,12
0x36a2,BANGRES01DEL02,35,4.6,Windy,High,0,Meal,scooter,1,1,Semi-Urban,47.0,3.1053699758611546,15.0,11
0x7f25,INDORES20DEL03,21,4.8,Stormy,Jam,1,Snack,scooter,1,1,Semi-Urban,29.0,13.612154686696366,5.0,20
0xfbd,MYSRES11DEL02,20,4.8,Stormy,Low,0,Drinks,scooter,1,1,Semi-Urban,16.0,20.20634489518928,5.0,23
0xbb41,BANGRES20DEL03,24,4.1,Windy,Low,0,Buffet,scooter,1,1,Semi-Urban,27.0,9.315035594044879,15.0,22
0xd248,BHPRES01DEL02,26,4.5,Fog,Jam,0,Drinks,scooter,1,1,Semi-Urban,20.0,7.550511557032551,5.0,21
0xc326,GOARES17DEL02,30,4.3,Sandstorms,Jam,0,Snack,scooter,1,1,Semi-Urban,35.0,12.35257604047054,15.0,21
0x6709,JAPRES20DEL02,22,4.4,Cloudy,Medium,2,Snack,bicycle,1,1,Semi-Urban,35.0,19.359307695550992,10.0,17
0x3a23,RANCHIRES19DEL03,33,4.5,Sunny,Medium,2,Buffet,scooter,0,1,Semi-Urban,21.0,4.528570754218756,5.0,17
0x2b5b,MUMRES02DEL01,31,4.6,Cloudy,Low,2,Buffet,motorcycle,1,1,Metropolitian,25.0,10.704238934519317,10.0,23
0xa15d,COIMBRES09DEL03,37,4.0,Stormy,Medium,1,Snack,bicycle,0,1,Semi-Urban,32.0,4.674280112157379,15.0,18
0xbfeb,KOCRES12DEL01,29,4.3,Sunny,High,0,Meal,scooter,1,2,Metropolitian,48.0,1.5606496923639468,10.0,11
0x7e36,SURRES15DEL03,33,4.7,Sandstorms,Medium,2,Snack,bicycle,0,1,Semi-Urban,24.0,13.68204452608078,10.0,18
0x30fa,JAPRES14DEL01,22,4.8,Sunny,Medium,1,Drinks,scooter,1,1,Semi-Urban,19.0,16.38598063528554,10.0,18
0x9c67,PUNERES03DEL03,25,4.9,Cloudy,Medium,2,Buffet,bicycle,0,1,Metropolitian,10.0,4.596439723177665,15.0,18
0xa575,BANGRES17DEL01,32,4.7,Fog,Low,2,Drinks,scooter,1,1,Metropolitian,16.0,1.5525809531926802,10.0,10
0x71ad,PUNERES11DEL01,23,4.9,Cloudy,Medium,2,Drinks,motorcycle,1,1,Semi-Urban,30.0,10.72504264384306,10.0,17
0x33d3,COIMBRES02DEL03,20,4.8,Fog,Low,2,Snack,scooter,1,1,Metropolitian,20.0,14.021812013196106,10.0,23
0x1352,PUNERES010DEL03,29,4.6,Windy,Medium,0,Buffet,scooter,1,1,Semi-Urban,17.0,4.59663204175947,15.0,17
0x991a,MYSRES18DEL02,23,4.6,Cloudy,Low,1,Drinks,scooter,0,1,Semi-Urban,12.0,3.1089029191679383,15.0,10
0x9805,MUMRES15DEL01,25,4.2,Fog,Jam,1,Meal,bicycle,1,1,Semi-Urban,43.0,16.822155609317257,5.0,21
0x8b45,COIMBRES15DEL02,37,4.8,Sunny,Low,1,Snack,scooter,1,1,Semi-Urban,20.0,12.46426668801362,15.0,23
0x9d4f,JAPRES11DEL02,35,4.7,Stormy,Jam,0,Meal,scooter,1,1,Semi-Urban,36.0,11.917100051488791,15.0,22
0xc460,DEHRES07DEL02,34,3.3,Sunny,Low,0,Meal,scooter,1,1,Semi-Urban,32.0,19.087110814122536,10.0,22
0x9c7d,JAPRES14DEL03,32,4.7,Sandstorms,Jam,2,Buffet,bicycle,1,1,Semi-Urban,27.0,8.938685874463816,10.0,21
0xdf7a,LUDHRES09DEL01,38,4.0,Sandstorms,High,1,Drinks,bicycle,1,1,Semi-Urban,31.0,5.8606134005008785,5.0,13
0xc97c,KNPRES14DEL02,21,4.7,Fog,Low,1,Meal,bicycle,0,1,Metropolitian,11.0,2.9847309073623927,5.0,10
0xbbc8,PUNERES010DEL03,36,4.9,Sunny,Jam,0,Snack,scooter,1,1,Semi-Urban,36.0,13.788747286078188,10.0,20
0x8ea9,CHENRES02DEL02,27,5.0,Sunny,Jam,1,Buffet,scooter,1,1,Metropolitian,15.0,12.417003842687146,15.0,20
0x7101,HYDRES04DEL03,27,5.0,Sunny,Jam,1,Meal,bicycle,1,1,Semi-Urban,19.0,9.220865975037842,15.0,19
0x5c3d,BANGRES09DEL02,29,4.8,Sandstorms,Medium,1,Buffet,scooter,1,1,Metropolitian,26.0,12.420728618905603,15.0,18
0x35e4,SURRES01DEL02,23,4.6,Cloudy,Low,1,Drinks,bicycle,1,1,Metropolitian,20.0,12.1610162189127,10.0,22
0xb3f4,COIMBRES16DEL01,34,4.2,Stormy,Medium,2,Snack,motorcycle,1,1,Semi-Urban,32.0,6.232303380306801,10.0,15
0x2268,SURRES13DEL01,37,4.3,Fog,High,2,Buffet,bicycle,1,1,Semi-Urban,36.0,6.081204324626466,15.0,12
0xd50d,DEHRES03DEL01,20,4.9,Stormy,Medium,2,Drinks,bicycle,1,1,Semi-Urban,26.0,16.15327446861657,10.0,17
0xe02f,DEHRES03DEL03,37,4.2,Sandstorms,Medium,2,Buffet,bicycle,1,1,Semi-Urban,31.0,8.811839531569467,15.0,17
0x95bb,MUMRES010DEL03,36,4.7,Sunny,Low,0,Meal,scooter,1,1,Semi-Urban,25.0,4.590648124312415,15.0,23
0x800c,COIMBRES02DEL03,27,5.0,Fog,Medium,1,Buffet,bicycle,0,1,Semi-Urban,10.0,4.674172124263269,10.0,18
0x88a5,MYSRES03DEL03,33,4.6,Sandstorms,Low,1,Drinks,scooter,0,1,Semi-Urban,26.0,4.66364460686909,15.0,22
0xaae0,CHENRES16DEL01,33,4.6,Fog,Medium,0,Buffet,scooter,1,1,Semi-Urban,38.0,10.865776701899678,5.0,17
0x88c7,SURRES04DEL02,28,4.6,Stormy,Low,2,Meal,bicycle,1,1,Semi-Urban,13.0,3.0406653633176113,5.0,10
0x4022,RANCHIRES17DEL02,38,4.7,Cloudy,Jam,0,Drinks,scooter,2,2,Semi-Urban,42.0,12.073402311815224,5.0,21
0x357f,JAPRES010DEL02,31,4.7,Fog,Low,1,Meal,scooter,0,1,Semi-Urban,15.0,2.979410112022739,5.0,8
0x7d97,BANGRES01DEL02,22,5.0,Cloudy,High,2,Meal,bicycle,0,1,Semi-Urban,25.0,3.1053699758611546,15.0,11
0x2d70,SURRES02DEL02,34,4.9,Sunny,Low,1,Snack,bicycle,0,1,Metropolitian,19.0,3.040539883060508,15.0,10
0x57a4,INDORES17DEL02,20,4.5,Sunny,Medium,1,Snack,scooter,1,1,Semi-Urban,10.0,7.5620793211870625,10.0,18
0x28ad,JAPRES010DEL02,24,4.6,Cloudy,Low,1,Snack,scooter,1,1,Semi-Urban,28.0,11.91623515721786,10.0,23
0xc5f1,KOLRES12DEL01,24,4.7,Stormy,Jam,2,Drinks,motorcycle,1,1,Semi-Urban,19.0,10.594021701600404,5.0,20
0xe141,AGRRES13DEL02,39,5.0,Fog,Jam,0,Buffet,scooter,1,1,Semi-Urban,45.0,19.343756283259093,5.0,21
0xa095,BANGRES17DEL03,22,4.6,Cloudy,Medium,2,Buffet,bicycle,0,1,Semi-Urban,25.0,13.972131143083212,10.0,17
0xc874,GOARES08DEL02,38,4.8,Fog,Low,1,Drinks,bicycle,1,1,Metropolitian,17.0,3.087924681704674,5.0,9
0xa79a,JAPRES06DEL01,30,4.9,Stormy,Low,2,Snack,bicycle,0,1,Semi-Urban,22.0,10.427299400994952,15.0,22
0xb8e0,BANGRES13DEL02,28,4.7,Windy,Jam,2,Meal,bicycle,1,1,Semi-Urban,27.0,20.18263448829367,10.0,20
0xce13,KOLRES05DEL01,21,4.7,Windy,Jam,1,Drinks,scooter,1,1,Semi-Urban,22.0,10.59484217901128,5.0,19
0xa10e,SURRES07DEL02,22,4.6,Fog,Low,2,Meal,bicycle,0,1,Semi-Urban,11.0,7.60136893811491,10.0,23
0xee9,RANCHIRES010DEL01,34,4.6,Sunny,Low,2,Snack,bicycle,0,1,Semi-Urban,19.0,16.601240146481178,5.0,23
0x8f4c,JAPRES06DEL02,27,4.8,Windy,Medium,0,Buffet,scooter,1,1,Semi-Urban,17.0,7.448363764234237,15.0,18
0x35b6,PUNERES13DEL03,26,4.6,Cloudy,Jam,1,Snack,scooter,0,1,Semi-Urban,24.0,9.192290417405088,10.0,19
0x753a,RANCHIRES07DEL03,29,4.9,Fog,Jam,0,Drinks,scooter,1,1,Metropolitian,46.0,13.583068670275285,15.0,19
0x19d5,INDORES13DEL01,33,4.4,Sandstorms,High,0,Meal,scooter,1,1,Metropolitian,48.0,6.050094908857936,10.0,12
0x76a2,HYDRES03DEL01,33,4.1,Cloudy,High,1,Drinks,bicycle,1,1,Semi-Urban,31.0,1.536864059415262,5.0,11
0x777a,MYSRES010DEL03,27,4.9,Windy,Jam,2,Snack,scooter,1,1,Semi-Urban,27.0,9.326651352175272,15.0,20
0x68af,CHENRES15DEL01,22,4.7,Cloudy,High,0,Buffet,scooter,0,1,Semi-Urban,21.0,6.209485128886319,10.0,12
0xa2c2,COIMBRES02DEL01,30,4.8,Fog,Jam,2,Buffet,bicycle,2,1,Semi-Urban,42.0,10.906036622245482,15.0,20
0x1324,HYDRES18DEL02,36,4.7,Sunny,Low,1,Meal,scooter,1,1,Semi-Urban,25.0,12.292885177860324,10.0,22
0x6fc4,BANGRES05DEL02,30,4.2,Sandstorms,Low,0,Snack,scooter,0,1,Semi-Urban,28.0,3.105144913226864,10.0,10
0xb6f8,SURRES09DEL01,32,4.9,Windy,Jam,0,Snack,scooter,1,1,Semi-Urban,38.0,16.72115728076054,5.0,21
0x3279,PUNERES08DEL01,23,4.7,Sandstorms,High,2,Buffet,scooter,1,1,Semi-Urban,28.0,6.128846407056886,5.0,12
0x43bb,RANCHIRES13DEL01,37,5.0,Fog,Low,1,Meal,scooter,1,1,Metropolitian,15.0,1.5093571915760948,5.0,10
0xce7a,KOLRES04DEL02,35,4.6,Sunny,Medium,2,Buffet,bicycle,0,1,Semi-Urban,17.0,12.10775059211474,5.0,18
0x6097,MYSRES19DEL02,27,4.6,Sandstorms,Medium,2,Drinks,motorcycle,1,1,Semi-Urban,20.0,20.20593639018606,15.0,19
0x91ae,MUMRES09DEL02,36,4.7,Fog,Low,0,Meal,scooter,0,1,Semi-Urban,22.0,3.060557773040758,5.0,9
0xbd17,MYSRES010DEL03,21,4.5,Fog,Jam,2,Buffet,scooter,0,1,Semi-Urban,21.0,9.326651352175272,10.0,19
0xdc47,DEHRES03DEL01,21,4.1,Cloudy,Medium,1,Snack,bicycle,1,1,Semi-Urban,33.0,16.15327446861657,5.0,17
0xa365,CHENRES16DEL03,30,4.6,Fog,Low,1,Snack,scooter,0,1,Semi-Urban,19.0,4.65694538594946,10.0,23
0x6b94,CHENRES14DEL01,30,5.0,Fog,Low,2,Buffet,bicycle,1,1,Semi-Urban,19.0,1.5524171512659315,5.0,10
0x6e17,INDORES13DEL01,25,5.0,Sandstorms,Low,1,Snack,bicycle,1,1,Metropolitian,18.0,1.5126000890232916,15.0,8
0x17fb,BANGRES20DEL02,25,4.0,Sandstorms,Jam,0,Snack,scooter,1,1,Semi-Urban,36.0,12.419803337139525,15.0,19
0xb8a2,INDORES09DEL03,25,4.7,Fog,Jam,0,Meal,scooter,1,1,Metropolitian,27.0,9.075423573606574,5.0,19
0x6b14,SURRES14DEL03,37,4.7,Cloudy,Jam,0,Snack,scooter,1,1,Metropolitian,27.0,9.121874253616898,15.0,19
0x18c6,COIMBRES04DEL02,30,4.7,Stormy,Medium,0,Snack,scooter,1,1,Semi-Urban,39.0,12.463888116757749,1265.0,20
0x45ca,PUNERES18DEL01,22,4.4,Sunny,High,0,Meal,scooter,2,1,Semi-Urban,52.0,6.127835452844327,15.0,14
0xafe7,INDORES02DEL01,33,4.8,Sandstorms,Low,1,Buffet,bicycle,0,1,Metropolitian,23.0,1.513073455729525,10.0,9
0x1fdb,COIMBRES16DEL03,30,4.8,Sandstorms,Jam,0,Meal,scooter,1,1,Semi-Urban,41.0,14.022096082518878,10.0,21
0x495b,MYSRES13DEL02,31,4.2,Windy,Jam,1,Buffet,scooter,1,1,Semi-Urban,40.0,12.435540495461442,10.0,21
0x9462,RANCHIRES13DEL03,31,4.2,Windy,Medium,2,Drinks,bicycle,1,1,Semi-Urban,37.0,13.582337494192412,10.0,17
0xd5d9,KOLRES06DEL01,30,4.7,Stormy,Jam,0,Buffet,scooter,2,1,Semi-Urban,36.0,10.594638144489263,10.0,20
0xc9a5,ALHRES17DEL02,25,4.9,Fog,High,0,Snack,scooter,1,1,Semi-Urban,26.0,2.99621994554619,5.0,11
0x49f9,HYDRES04DEL01,32,4.6,Fog,Low,0,Buffet,scooter,1,1,Semi-Urban,28.0,1.5369113551350593,15.0,9
0xb445,MUMRES13DEL01,24,4.5,Sandstorms,Low,2,Drinks,motorcycle,0,1,Metropolitian,13.0,1.5294972211332267,10.0,10
0xb118,HYDRES13DEL01,20,4.8,Stormy,Jam,2,Drinks,motorcycle,0,1,Semi-Urban,22.0,16.902909983695867,5.0,21
0xc38b,BHPRES16DEL01,21,4.7,Cloudy,Low,2,Snack,bicycle,0,1,Semi-Urban,24.0,10.568447337504713,15.0,23
0x8fb8,JAPRES13DEL01,36,4.2,Windy,Jam,0,Snack,scooter,1,1,Semi-Urban,50.0,16.388699354723066,15.0,21
0x9ba,MYSRES02DEL02,35,4.0,Stormy,Medium,2,Drinks,motorcycle,0,1,Semi-Urban,32.0,7.7725232004434295,15.0,17
0xd520,KOLRES02DEL03,31,4.5,Cloudy,Jam,1,Buffet,scooter,1,1,Semi-Urban,26.0,9.081848162010717,15.0,20
0x474c,COIMBRES03DEL03,27,4.9,Stormy,Medium,0,Drinks,scooter,1,1,Semi-Urban,19.0,9.348068923522018,10.0,18
0x9e97,COIMBRES02DEL03,25,4.7,Sandstorms,Medium,0,Drinks,scooter,0,1,Metropolitian,12.0,9.348109676504626,10.0,18
0x8d01,PUNERES01DEL01,39,4.8,Fog,Low,1,Meal,scooter,0,1,Metropolitian,19.0,1.5321262845594088,10.0,10
0x3f50,CHENRES04DEL02,31,4.8,Stormy,Medium,2,Buffet,bicycle,1,1,Semi-Urban,30.0,20.178893713604634,15.0,17
0x1e12,SURRES010DEL03,21,4.6,Fog,Low,2,Meal,scooter,0,1,Semi-Urban,17.0,9.121491544069729,10.0,22
0x1d08,SURRES15DEL02,21,4.5,Fog,Jam,0,Buffet,scooter,1,1,Semi-Urban,48.0,19.761706467413592,10.0,19
0xa955,INDORES01DEL03,34,4.8,Windy,Medium,2,Meal,motorcycle,0,1,Semi-Urban,27.0,13.613850325840419,15.0,17
0x3267,MYSRES18DEL01,38,4.3,Fog,Jam,2,Buffet,bicycle,1,1,Semi-Urban,48.0,17.09752652782741,15.0,19
0x2a81,BANGRES12DEL02,25,4.7,Sunny,Jam,2,Meal,scooter,0,1,Metropolitian,21.0,20.182482607604513,10.0,21
0xa813,COIMBRES18DEL02,31,5.0,Sunny,Low,0,Meal,scooter,1,1,Semi-Urban,26.0,3.116148933802629,10.0,8
0xb79e,INDORES01DEL03,20,4.8,Stormy,Jam,1,Drinks,bicycle,0,1,Semi-Urban,25.0,13.613850325840419,15.0,20
0xbf24,BHPRES16DEL02,30,4.7,Fog,Medium,0,Buffet,scooter,2,1,Semi-Urban,38.0,12.078017632301941,1335.0,20
0x7ed1,MYSRES09DEL01,27,4.9,Windy,High,0,Snack,scooter,1,1,Semi-Urban,24.0,1.5545086492841058,5.0,11
0x39cd,COIMBRES14DEL02,30,4.8,Fog,High,2,Drinks,bicycle,1,1,Semi-Urban,33.0,3.1162384958431986,5.0,11
0xa9d1,COIMBRES19DEL01,27,4.7,Stormy,High,2,Drinks,scooter,0,1,Semi-Urban,22.0,6.232179267966144,5.0,13
0x358e,MUMRES06DEL03,25,4.6,Sandstorms,Medium,1,Snack,bicycle,1,1,Metropolitian,23.0,9.179538450826046,15.0,18
0x1662,HYDRES12DEL01,21,4.8,Cloudy,High,0,Meal,scooter,1,1,Semi-Urban,20.0,1.536836906549953,15.0,11
0x24be,JAPRES03DEL03,35,4.9,Cloudy,Jam,2,Drinks,bicycle,1,2,Semi-Urban,44.0,20.851598740135785,10.0,21
0x91b0,BANGRES08DEL01,22,4.6,Sandstorms,Jam,0,Buffet,scooter,1,1,Metropolitian,39.0,17.078934089494954,5.0,20
0xd907,AGRRES20DEL01,35,4.7,Fog,Low,0,Snack,scooter,1,1,Semi-Urban,37.0,16.3685066644865,5.0,23
0x8469,INDORES08DEL03,22,4.6,Sandstorms,Jam,2,Snack,scooter,1,1,Semi-Urban,27.0,13.612451541411557,5.0,19
0x11f2,PUNERES03DEL01,35,4.8,Windy,Low,1,Buffet,bicycle,1,1,Semi-Urban,16.0,10.724430107278945,10.0,22
0x6c86,MYSRES12DEL01,27,4.9,Cloudy,High,2,Drinks,scooter,1,1,Semi-Urban,28.0,1.554619810773694,5.0,12
0xcdeb,LUDHRES16DEL01,36,4.1,Cloudy,Medium,0,Snack,scooter,1,1,Semi-Urban,32.0,5.860353655313712,10.0,15
0x9b49,PUNERES02DEL02,38,4.9,Fog,Low,1,Snack,scooter,1,1,Semi-Urban,30.0,19.915298664494234,5.0,23
0x3d68,INDORES14DEL03,28,4.5,Stormy,Jam,1,Snack,bicycle,0,1,Metropolitian,11.0,4.537394871786295,10.0,21
0xd922,DEHRES08DEL02,33,4.3,Stormy,Jam,0,Drinks,scooter,1,1,Semi-Urban,41.0,11.747351283055355,5.0,20
0xcc0e,AURGRES08DEL02,37,5.0,Windy,Low,1,Drinks,bicycle,1,1,Metropolitian,29.0,3.052735829416971,10.0,9
0x6a06,RANCHIRES04DEL01,30,4.4,Sandstorms,Low,0,Drinks,scooter,1,1,Semi-Urban,22.0,1.5094402621798344,15.0,10
0x4557,RANCHIRES08DEL02,21,4.9,Fog,High,0,Meal,scooter,1,1,Metropolitian,29.0,3.018883117682491,5.0,11
0x1111,SURRES010DEL01,23,4.7,Cloudy,Medium,0,Drinks,scooter,1,1,Semi-Urban,32.0,10.641572477284369,15.0,18
0x1837,MYSRES02DEL01,23,4.9,Windy,High,1,Meal,bicycle,0,1,Semi-Urban,22.0,1.5545625412407003,5.0,11
0x58e1,HYDRES04DEL03,31,4.6,Cloudy,Medium,0,Snack,scooter,1,1,Semi-Urban,34.0,4.610613705052656,15.0,17
0x4993,CHENRES14DEL01,31,4.2,Cloudy,Jam,1,Drinks,scooter,1,1,Semi-Urban,37.0,10.866277692518308,5.0,20
0x9e96,JAPRES14DEL01,36,4.7,Sunny,High,0,Buffet,scooter,0,1,Semi-Urban,21.0,5.959357904254251,10.0,14
0x7c5,MUMRES04DEL02,24,4.6,Fog,Low,1,Drinks,scooter,0,1,Metropolitian,23.0,19.875680604910734,5.0,0
0x3f97,SURRES17DEL01,21,4.5,Stormy,Jam,2,Snack,scooter,1,1,Metropolitian,26.0,10.642292301678435,15.0,21
0x1c63,MUMRES12DEL03,39,4.6,Cloudy,Jam,0,Buffet,scooter,1,1,Metropolitian,28.0,4.587980157997101,5.0,20
0xe1e0,GOARES18DEL01,33,4.1,Stormy,High,0,Snack,scooter,2,1,Semi-Urban,49.0,1.5442061415007085,5.0,11
0x3a74,SURRES010DEL01,27,4.8,Cloudy,High,1,Buffet,scooter,0,1,Metropolitian,24.0,6.081185877714607,5.0,14
0x1773,RANCHIRES04DEL01,35,4.8,Cloudy,Jam,0,Snack,scooter,3,1,Semi-Urban,48.0,10.564987742503256,5.0,20
0x6e7a,HYDRES09DEL03,24,4.9,Windy,Low,2,Meal,bicycle,1,1,Metropolitian,17.0,13.83000931143171,10.0,23
0x3988,MUMRES14DEL02,39,4.6,Fog,Low,0,Drinks,scooter,1,1,Semi-Urban,26.0,3.058924545938562,5.0,10
0x5a0a,PUNERES19DEL01,38,4.7,Stormy,Medium,0,Meal,scooter,0,1,Semi-Urban,25.0,6.12841937845769,10.0,15
0x520b,COIMBRES06DEL03,31,4.4,Cloudy,Jam,1,Snack,scooter,1,1,Semi-Urban,38.0,4.674181485440602,5.0,20
0x4e59,SURRES15DEL02,30,4.6,Sunny,Jam,1,Snack,scooter,1,1,Semi-Urban,21.0,7.6016147383215875,5.0,19
0xc697,KNPRES18DEL02,35,5.0,Stormy,Low,1,Drinks,scooter,1,1,Semi-Urban,27.0,2.984608225622922,15.0,10
0x73ba,INDORES20DEL02,23,4.6,Fog,Low,2,Meal,motorcycle,0,1,Semi-Urban,26.0,12.099896960230076,15.0,23
0x949b,COIMBRES14DEL01,24,3.2,Sunny,Low,2,Drinks,bicycle,0,2,Semi-Urban,44.0,17.138022132927368,10.0,0
0xacbe,CHENRES04DEL02,25,4.8,Sandstorms,High,0,Snack,scooter,1,1,Semi-Urban,27.0,3.104782360921429,5.0,11
0x5e90,CHENRES09DEL02,39,4.9,Sunny,Low,1,Snack,bicycle,0,1,Metropolitian,13.0,3.1046911695399038,15.0,8
0x6f87,SURRES18DEL01,25,4.6,Cloudy,Low,2,Buffet,bicycle,0,1,Semi-Urban,22.0,16.72253446733555,10.0,23
0xa476,CHENRES05DEL02,37,4.7,Windy,Low,1,Snack,scooter,1,1,Semi-Urban,25.0,7.761284984440735,15.0,23
0xb995,JAPRES15DEL01,32,4.8,Sunny,Jam,2,Meal,motorcycle,0,1,Semi-Urban,23.0,16.385802266862793,15.0,20
0x80f2,INDORES12DEL02,30,4.7,Cloudy,Low,1,Drinks,bicycle,1,1,Semi-Urban,19.0,3.0251186390184004,15.0,8
0xc46c,ALHRES14DEL01,34,5.0,Sunny,Medium,2,Drinks,scooter,1,1,Semi-Urban,25.0,16.47598057072457,5.0,18
0xaf32,JAPRES04DEL02,35,4.5,Sunny,Jam,1,Buffet,scooter,0,1,Metropolitian,20.0,7.44864451602914,5.0,21
0x2e5b,PUNERES18DEL01,29,4.8,Windy,Jam,2,Drinks,scooter,1,1,Semi-Urban,18.0,16.849904095492622,15.0,21
0x3457,BANGRES010DEL03,32,4.6,Fog,Low,0,Snack,scooter,1,1,Semi-Urban,23.0,9.315745106316243,15.0,22
0xd4bd,KOCRES02DEL02,25,4.9,Sandstorms,Medium,0,Drinks,scooter,1,1,Metropolitian,36.0,20.285370057703716,10.0,17
0x583c,MUMRES11DEL02,37,4.7,Sunny,Jam,1,Meal,scooter,0,1,Semi-Urban,24.0,7.6510644585303815,5.0,21
0xa8ee,VADRES11DEL03,20,4.8,Cloudy,Low,0,Meal,scooter,1,1,Semi-Urban,21.0,13.631440268080546,10.0,23
0xbe03,COIMBRES01DEL01,20,4.1,Fog,Jam,2,Drinks,scooter,1,1,Metropolitian,42.0,10.906149360969733,5.0,19
0xc070,GOARES010DEL02,29,5.0,Cloudy,Low,0,Snack,scooter,1,1,Semi-Urban,18.0,3.087996686128697,15.0,10
0x5ef7,PUNERES06DEL02,32,4.2,Windy,Medium,0,Snack,scooter,2,1,Semi-Urban,36.0,19.915585713443292,5.0,18
0x5794,HYDRES08DEL03,27,4.6,Stormy,Jam,1,Meal,bicycle,1,1,Metropolitian,14.0,4.610285665960067,5.0,21
0xb0d,SURRES08DEL01,24,2.9,Sunny,Low,1,Meal,bicycle,1,1,Semi-Urban,36.0,10.641495972351702,5.0,22
0x5da8,VADRES14DEL01,30,4.6,Windy,High,1,Buffet,scooter,1,1,Semi-Urban,29.0,6.058848944530401,5.0,13
0x76f5,HYDRES15DEL02,31,4.3,Stormy,High,0,Drinks,scooter,1,1,Semi-Urban,38.0,3.0733915714431617,5.0,11
0x15fe,MYSRES02DEL03,36,4.2,Cloudy,Jam,2,Buffet,bicycle,0,1,Semi-Urban,35.0,9.326940869812143,5.0,21
0x6809,HYDRES05DEL02,36,4.9,Cloudy,Jam,2,Meal,bicycle,1,1,Semi-Urban,25.0,7.68369791028496,15.0,22
0x1242,MYSRES09DEL01,36,4.8,Stormy,Low,2,Buffet,bicycle,1,1,Metropolitian,17.0,17.09799793130139,10.0,22
0x9271,COIMBRES20DEL01,38,4.9,Sunny,Low,1,Buffet,scooter,1,1,Metropolitian,17.0,1.5581570033504792,10.0,8
0x12d2,MUMRES13DEL01,30,4.8,Stormy,Medium,1,Meal,bicycle,1,1,Semi-Urban,27.0,6.117725989708161,10.0,16
0xd6e7,BHPRES03DEL01,20,4.8,Fog,Low,0,Meal,scooter,1,1,Metropolitian,22.0,10.57025290804231,5.0,22
0x3e44,MUMRES11DEL01,24,4.1,Sandstorms,Low,0,Meal,scooter,1,1,Metropolitian,24.0,1.5302997807730145,5.0,10
0x8de0,RANCHIRES08DEL03,21,4.9,Fog,Jam,1,Drinks,bicycle,0,1,Semi-Urban,28.0,4.5282465767387095,10.0,21
0xaf6a,INDORES16DEL01,38,4.1,Sunny,Jam,1,Buffet,scooter,0,1,Metropolitian,34.0,10.587145367062044,5.0,21
0x6e1f,MUMRES08DEL03,38,5.0,Fog,Jam,2,Meal,motorcycle,1,1,Semi-Urban,30.0,4.589834614418373,15.0,19
0x58a,COIMBRES09DEL01,30,4.7,Windy,Medium,1,Snack,scooter,0,1,Semi-Urban,29.0,6.232321450753526,1150.0,20
0xb4d8,VADRES010DEL03,21,4.8,Fog,Jam,0,Buffet,scooter,2,1,Semi-Urban,45.0,13.631339548300275,15.0,19
0xcd10,BHPRES06DEL01,25,4.9,Sandstorms,Low,1,Buffet,scooter,0,1,Semi-Urban,14.0,10.569597346528383,5.0,23
0x88b0,CHENRES05DEL01,34,4.2,Fog,Jam,1,Snack,bicycle,2,1,Semi-Urban,43.0,17.073813051007523,10.0,20
0x95f9,PUNERES13DEL02,24,4.6,Sandstorms,Low,0,Buffet,scooter,1,1,Semi-Urban,21.0,12.256046315965444,10.0,23
0xa4b6,CHENRES17DEL02,27,4.6,Stormy,Jam,1,Drinks,scooter,1,1,Semi-Urban,14.0,7.761486237714824,10.0,20
0xd590,BHPRES13DEL01,29,4.2,Fog,High,1,Drinks,bicycle,2,1,Semi-Urban,34.0,6.040113680144922,10.0,14
0x7cdb,MYSRES08DEL01,22,4.9,Cloudy,Medium,2,Meal,bicycle,1,1,Semi-Urban,18.0,6.218153086065015,10.0,16
0x7482,JAPRES13DEL03,23,4.5,Windy,Jam,1,Snack,scooter,0,1,Semi-Urban,21.0,8.940167719841355,10.0,21
0x8b4e,CHENRES09DEL03,23,4.9,Stormy,Jam,2,Drinks,bicycle,1,1,Semi-Urban,21.0,13.97014466545326,10.0,19
0x194e,SURRES09DEL02,37,4.1,Sandstorms,Low,0,Drinks,scooter,1,1,Metropolitian,30.0,3.040641621538495,5.0,10
0x866c,MUMRES13DEL03,27,4.0,Windy,Low,0,Snack,scooter,1,1,Semi-Urban,28.0,4.588360239493078,10.0,22
0x7f65,BANGRES15DEL02,23,4.6,Stormy,Jam,1,Buffet,scooter,1,1,Semi-Urban,19.0,20.181059137197778,10.0,20
0x6c5d,CHENRES05DEL01,22,4.8,Sandstorms,Jam,1,Meal,scooter,1,1,Semi-Urban,19.0,10.865584127340643,15.0,20
0x9a82,COIMBRES04DEL02,35,4.7,Fog,Low,0,Meal,scooter,0,1,Semi-Urban,21.0,3.116128490575321,5.0,10
0x2f83,RANCHIRES08DEL02,27,4.7,Stormy,Medium,2,Meal,scooter,1,1,Semi-Urban,27.0,12.074281945769359,15.0,17
0xb226,HYDRES15DEL01,29,4.0,Stormy,High,0,Snack,scooter,1,1,Semi-Urban,35.0,1.5367158933394087,5.0,11
0xcb37,ALHRES18DEL02,39,5.0,Cloudy,Jam,1,Meal,bicycle,0,1,Semi-Urban,38.0,7.490187108752871,5.0,20
0x60e1,MUMRES01DEL01,22,4.8,Sandstorms,Low,1,Snack,bicycle,1,1,Semi-Urban,15.0,1.5297232853100242,10.0,9
0xc194,KOCRES14DEL03,32,4.9,Fog,Jam,0,Meal,scooter,3,2,Semi-Urban,54.0,14.044169821640054,5.0,19
0xa37c,MUMRES010DEL02,22,4.9,Windy,Medium,1,Snack,bicycle,1,1,Semi-Urban,19.0,12.24085827411391,15.0,18
0x1f61,MUMRES14DEL03,35,4.0,Windy,Jam,1,Drinks,scooter,1,1,Semi-Urban,34.0,9.17624749258827,15.0,19
0xd664,KOCRES01DEL02,39,4.6,Sandstorms,Jam,1,Meal,bicycle,1,1,Semi-Urban,29.0,7.803119706574829,10.0,20
0x6396,HYDRES09DEL03,25,3.4,Sunny,Low,1,Buffet,scooter,0,1,Semi-Urban,34.0,13.83000931143171,5.0,23
0x298f,RANCHIRES11DEL01,38,4.8,Windy,Low,0,Drinks,scooter,1,1,Metropolitian,22.0,16.60096646627219,10.0,22
0x90f1,PUNERES20DEL03,21,4.6,Fog,Low,0,Meal,scooter,1,1,Metropolitian,15.0,9.19151681625338,10.0,23
0x31e0,HYDRES04DEL01,30,4.7,Fog,Jam,2,Buffet,bicycle,1,1,Semi-Urban,35.0,16.90381483815878,10.0,20
0x7c0e,CHENRES09DEL01,21,4.4,Sandstorms,Low,0,Snack,scooter,1,1,Semi-Urban,26.0,1.5523608800116515,15.0,10
0x7624,MYSRES16DEL02,30,4.8,Cloudy,Low,0,Buffet,scooter,1,1,Semi-Urban,20.0,7.772343594464243,10.0,23
0x7d30,COIMBRES17DEL03,23,4.7,Windy,Low,2,Buffet,motorcycle,1,1,Semi-Urban,19.0,4.674143698976439,10.0,23
0xe21d,LUDHRES08DEL03,28,4.7,Fog,Medium,2,Buffet,scooter,1,1,Metropolitian,12.0,4.395281348843586,10.0,18
0x2f43,RANCHIRES08DEL03,26,5.0,Sandstorms,Jam,1,Buffet,bicycle,0,1,Metropolitian,12.0,9.056024276265347,15.0,20
0x6389,COIMBRES15DEL03,26,5.0,Sandstorms,Jam,2,Buffet,scooter,1,1,Semi-Urban,23.0,9.348356419300423,10.0,22
0x1182,SURRES20DEL03,28,4.9,Cloudy,Jam,1,Snack,scooter,0,1,Metropolitian,29.0,4.561223681551846,10.0,20
0x1517,BANGRES17DEL03,23,4.7,Cloudy,Low,1,Drinks,scooter,0,1,Metropolitian,12.0,9.315028811002955,5.0,22
0xae2,PUNERES20DEL02,25,4.9,Windy,Low,1,Snack,scooter,1,1,Semi-Urban,16.0,19.913009545593138,10.0,23
0xbdc7,JAPRES02DEL02,27,4.2,Cloudy,Medium,2,Buffet,bicycle,1,1,Semi-Urban,35.0,11.91657558009644,10.0,18
0x497b,HYDRES16DEL01,36,4.2,Fog,Jam,2,Snack,bicycle,1,1,Semi-Urban,44.0,10.756697879102619,5.0,19
0xa2ef,MUMRES01DEL01,31,4.2,Sandstorms,High,0,Buffet,scooter,0,1,Semi-Urban,41.0,6.1186308844114,15.0,14
0x30bc,CHENRES18DEL03,21,4.6,Windy,Jam,1,Buffet,bicycle,1,1,Semi-Urban,25.0,13.971881683316301,15.0,21
0xc94f,AGRRES03DEL01,23,4.4,Fog,High,1,Buffet,scooter,1,1,Semi-Urban,34.0,5.952962854609646,15.0,15
0x2c7d,MUMRES02DEL02,25,4.5,Fog,High,0,Buffet,scooter,1,1,Semi-Urban,29.0,3.0585736588579726,15.0,11
0x5229,CHENRES03DEL03,37,5.0,Stormy,Medium,1,Snack,scooter,1,1,Semi-Urban,27.0,9.31283846749211,10.0,18
0xc779,KOCRES07DEL03,21,4.6,Windy,Low,2,Snack,bicycle,0,1,Metropolitian,11.0,14.045053524690072,10.0,23
0xbb62,COIMBRES20DEL02,21,4.9,Stormy,Jam,1,Drinks,bicycle,1,1,Semi-Urban,29.0,7.790525266841046,10.0,21
0x36d1,INDORES16DEL02,21,4.9,Stormy,Low,1,Buffet,bicycle,0,1,Metropolitian,11.0,3.0251533668867396,10.0,10
0x560b,PUNERES03DEL02,29,5.0,Sandstorms,Medium,0,Snack,scooter,1,1,Semi-Urban,39.0,12.256321133212229,5.0,17
0x8b18,HYDRES08DEL03,28,4.8,Cloudy,Medium,2,Buffet,bicycle,0,1,Metropolitian,14.0,4.610285665960067,15.0,17
0x9ddc,INDORES08DEL02,34,4.0,Cloudy,Medium,2,Drinks,bicycle,1,1,Semi-Urban,36.0,19.66102221350665,15.0,17
0xe235,ALHRES19DEL03,28,4.6,Cloudy,Low,1,Snack,scooter,1,1,Semi-Urban,23.0,20.968460294411766,15.0,23
0x8ad2,JAPRES16DEL01,31,4.7,Cloudy,High,1,Snack,bicycle,0,1,Semi-Urban,29.0,5.960265171500215,5.0,13
0xbbf,SURRES08DEL02,30,4.7,Sandstorms,Low,1,Snack,bicycle,1,1,Metropolitian,17.0,3.040666798077057,860.0,20
0x5408,CHENRES13DEL01,22,4.6,Fog,High,0,Drinks,scooter,1,1,Semi-Urban,25.0,6.209476177667662,15.0,14
0xc06e,BHPRES15DEL02,36,5.0,Sunny,Low,2,Meal,bicycle,1,1,Semi-Urban,10.0,3.0201246861713265,5.0,9
0x2fc0,MYSRES17DEL03,21,4.5,Stormy,Low,2,Buffet,bicycle,0,1,Metropolitian,12.0,13.989450296958767,10.0,23
0x3eeb,VADRES010DEL02,23,4.9,Sunny,Low,0,Snack,scooter,0,1,Metropolitian,23.0,19.68840740892438,5.0,23
0x75e8,MUMRES08DEL03,35,4.6,Fog,Low,0,Drinks,scooter,1,1,Semi-Urban,20.0,9.179276688028636,5.0,23
0x2046,BANGRES010DEL02,23,4.8,Cloudy,Low,2,Snack,bicycle,1,1,Metropolitian,18.0,3.105369890908668,5.0,8
0x7418,BANGRES13DEL01,20,4.6,Sandstorms,High,0,Drinks,scooter,0,1,Metropolitian,22.0,6.2105896103141776,15.0,12
0x133b,COIMBRES04DEL02,28,4.5,Stormy,Medium,1,Buffet,bicycle,1,1,Semi-Urban,26.0,20.252967850083056,15.0,18
0x42da,SURRES06DEL02,23,4.5,Windy,Jam,0,Meal,scooter,0,1,Semi-Urban,23.0,7.601027931404884,10.0,21
0xdaad,BHPRES01DEL01,38,4.9,Sunny,High,1,Snack,scooter,1,1,Semi-Urban,20.0,1.5102059212854184,15.0,11
0xbfd6,DEHRES06DEL03,38,4.7,Cloudy,Jam,0,Meal,scooter,0,1,Semi-Urban,28.0,4.405707968793497,15.0,21
0xd7d8,LUDHRES15DEL03,38,4.5,Stormy,Jam,1,Snack,scooter,0,1,Semi-Urban,33.0,13.184113175194765,10.0,19
0x551b,BANGRES04DEL02,21,4.8,Stormy,Jam,0,Buffet,scooter,0,1,Semi-Urban,29.0,12.41960204102968,10.0,22
0x22fb,RANCHIRES05DEL03,35,4.9,Sunny,Jam,0,Snack,scooter,0,1,Semi-Urban,24.0,9.055981117924203,5.0,19
0x8c5f,MYSRES20DEL01,39,4.0,Sandstorms,High,0,Snack,scooter,0,1,Semi-Urban,36.0,6.217689154531591,5.0,12
0xba7b,COIMBRES13DEL01,29,4.7,Fog,Low,2,Snack,motorcycle,0,1,Metropolitian,11.0,1.5581322655568652,10.0,10
0xa6aa,SURRES12DEL03,32,5.0,Stormy,Low,1,Meal,scooter,1,1,Semi-Urban,25.0,13.681056958913903,5.0,22
0x7db2,HYDRES06DEL01,33,3.0,Sunny,Low,0,Buffet,scooter,2,1,Metropolitian,34.0,16.901828274275406,10.0,22
0x596d,RANCHIRES09DEL01,24,4.8,Fog,Low,2,Meal,bicycle,1,1,Semi-Urban,25.0,10.5652785705811,10.0,23
0x215d,MUMRES20DEL02,22,4.7,Windy,Medium,2,Snack,scooter,1,1,Semi-Urban,27.0,19.88431857497891,10.0,17
0x9a03,JAPRES09DEL02,35,4.7,Sandstorms,Jam,0,Drinks,scooter,1,2,Urban,52.0,19.362740471251666,15.0,19
0x53e3,SURRES12DEL01,25,5.0,Sandstorms,Jam,0,Buffet,scooter,1,1,Semi-Urban,39.0,16.72076404537099,15.0,21
0x6d9b,JAPRES05DEL01,24,4.3,Fog,Jam,1,Buffet,scooter,1,1,Semi-Urban,43.0,16.38489468676721,5.0,20
0xb72c,COIMBRES18DEL01,27,4.6,Sandstorms,High,0,Snack,scooter,0,1,Semi-Urban,17.0,1.5580874730609473,5.0,11
0x20ac,BANGRES19DEL03,39,4.2,Windy,Medium,2,Snack,bicycle,2,1,Metropolitian,34.0,9.316091864517965,5.0,17
0x77bd,BANGRES13DEL02,38,4.7,Windy,Medium,2,Meal,motorcycle,0,1,Metropolitian,22.0,20.18263448829367,15.0,18
0x9ba6,CHENRES07DEL03,34,4.6,Cloudy,Jam,0,Meal,scooter,2,1,Semi-Urban,48.0,13.969116967730173,5.0,21
0x90f5,MUMRES07DEL01,23,4.8,Sunny,Medium,1,Buffet,scooter,1,1,Semi-Urban,14.0,16.826241648658115,5.0,17
0x1fdd,SURRES16DEL03,38,4.7,Sunny,Low,0,Drinks,scooter,1,1,Semi-Urban,29.0,9.121796528794311,5.0,22
0x688c,INDORES04DEL02,24,4.0,Cloudy,Jam,2,Buffet,bicycle,1,1,Metropolitian,40.0,12.09902345211663,15.0,20
0x3757,JAPRES11DEL03,34,5.0,Sunny,Medium,1,Snack,bicycle,1,1,Semi-Urban,24.0,20.85246332426527,15.0,17
0x1e13,VADRES13DEL01,29,4.8,Cloudy,High,1,Meal,scooter,2,1,Semi-Urban,33.0,6.058876303739158,15.0,14
0x5fae,HYDRES11DEL01,23,4.0,Fog,Jam,2,Drinks,bicycle,1,1,Semi-Urban,38.0,10.756990051436132,15.0,21
0x2fa4,CHENRES20DEL01,26,4.5,Stormy,High,1,Drinks,scooter,1,1,Metropolitian,12.0,6.210098947886509,10.0,12
0xba7d,PUNERES01DEL02,37,4.6,Windy,Low,1,Meal,bicycle,1,1,Semi-Urban,22.0,12.255817809722812,5.0,23
0xd81,INDORES15DEL02,24,4.7,Cloudy,Jam,2,Drinks,bicycle,1,1,Semi-Urban,32.0,7.562108717550266,15.0,21
0xc1c0,KOLRES12DEL03,30,4.2,Cloudy,Medium,0,Drinks,scooter,1,1,Semi-Urban,34.0,4.540598459773032,15.0,17
0x101d,HYDRES02DEL01,29,4.2,Sandstorms,Low,0,Buffet,scooter,1,1,Metropolitian,26.0,1.5369061340343029,5.0,10
0x48f9,HYDRES11DEL02,27,5.0,Sunny,Low,1,Snack,bicycle,0,1,Metropolitian,21.0,3.073626731695901,10.0,8
0xd3b7,AGRRES12DEL02,25,4.8,Fog,Low,1,Snack,bicycle,0,1,Semi-Urban,27.0,11.904780345542626,10.0,22
0x19e8,MUMRES06DEL02,29,4.7,Windy,Jam,2,Drinks,scooter,1,1,Metropolitian,24.0,19.88701283582688,15.0,19
0x23f0,MUMRES11DEL01,33,4.6,Sandstorms,Medium,1,Buffet,scooter,1,1,Semi-Urban,22.0,16.83090555193196,15.0,17
0x7914,RANCHIRES06DEL03,26,4.9,Sandstorms,Low,1,Buffet,scooter,0,1,Semi-Urban,11.0,9.055898607912091,10.0,22
0xdf3,MUMRES20DEL02,31,4.6,Fog,Low,2,Snack,motorcycle,1,1,Semi-Urban,15.0,3.05960707159485,5.0,10
0x80f4,JAPRES11DEL03,21,4.7,Stormy,Jam,2,Meal,bicycle,0,1,Semi-Urban,12.0,4.469351491411031,10.0,19
0x5aa6,MYSRES16DEL02,20,4.7,Cloudy,Jam,0,Meal,scooter,3,1,Semi-Urban,46.0,12.435401342193114,10.0,20
0x2248,BANGRES09DEL02,23,4.6,Fog,Low,2,Drinks,bicycle,1,1,Semi-Urban,15.0,3.105364544907298,15.0,8
0x43a8,MYSRES16DEL02,26,4.8,Cloudy,Low,2,Buffet,bicycle,1,1,Metropolitian,16.0,3.1090243972299714,5.0,9
0x5cae,PUNERES15DEL02,30,4.9,Fog,Low,1,Snack,scooter,0,1,Semi-Urban,29.0,19.91059239709516,10.0,23
0x3449,BANGRES18DEL01,35,3.5,Fog,Low,1,Snack,scooter,0,1,Semi-Urban,36.0,17.078706390631634,15.0,23
0x3717,SURRES010DEL03,34,4.0,Windy,Medium,2,Meal,bicycle,1,1,Metropolitian,34.0,4.560961191343599,5.0,18
0xad2c,CHENRES19DEL02,28,4.9,Stormy,Low,1,Buffet,scooter,0,1,Metropolitian,10.0,20.180635114114718,10.0,23
0xc9bb,LUDHRES08DEL01,26,4.8,Cloudy,Low,0,Drinks,scooter,0,1,Semi-Urban,21.0,1.4651587132830592,5.0,10
0x6604,JAPRES08DEL03,22,4.6,Sandstorms,Jam,1,Drinks,scooter,1,1,Semi-Urban,29.0,13.406088270680275,5.0,19
0x7dd0,PUNERES04DEL01,33,4.7,Cloudy,Low,0,Snack,scooter,1,1,Metropolitian,26.0,1.5323596444882273,5.0,9
0x9f02,MUMRES12DEL01,32,4.8,Sunny,Low,2,Drinks,scooter,1,1,Semi-Urban,18.0,10.704672233866505,15.0,22
0x58bf,JAPRES08DEL03,21,5.0,Sandstorms,Medium,1,Drinks,scooter,1,1,Semi-Urban,17.0,20.851862908260973,15.0,18
0x18b1,COIMBRES07DEL01,30,4.7,Sunny,Low,3,Snack,motorcycle,1,1,Semi-Urban,23.0,6.23280716086554,1100.0,20
0x928c,PUNERES05DEL01,32,4.6,Stormy,High,1,Snack,bicycle,1,1,Semi-Urban,27.0,6.128684140033282,15.0,12
0x91bf,CHENRES13DEL02,34,4.9,Sunny,Low,1,Snack,scooter,1,1,Semi-Urban,27.0,12.418462399627495,15.0,22
0x46a0,JAPRES19DEL01,22,4.8,Fog,Jam,1,Drinks,bicycle,0,1,Semi-Urban,30.0,10.427225702895106,5.0,21
0x576e,BANGRES08DEL02,29,4.8,Windy,Jam,1,Snack,bicycle,1,1,Semi-Urban,17.0,20.183799025948787,5.0,20
0xddc9,AURGRES06DEL03,20,5.0,Sandstorms,Jam,1,Drinks,scooter,0,1,Semi-Urban,28.0,13.735965288529389,15.0,20
0x2eef,VADRES05DEL03,35,4.6,Windy,Low,0,Drinks,scooter,1,1,Semi-Urban,21.0,13.631330662170873,5.0,22
0xcdf9,AGRRES17DEL03,22,4.9,Sandstorms,Jam,0,Meal,scooter,0,1,Semi-Urban,30.0,4.464864633689885,15.0,20
0x558a,COIMBRES02DEL01,35,4.7,Sunny,Jam,2,Snack,bicycle,0,1,Semi-Urban,27.0,17.137482577838597,15.0,21
0x359d,SURRES14DEL02,20,5.0,Cloudy,Medium,1,Drinks,scooter,1,1,Semi-Urban,27.0,19.76188040923094,15.0,18
0x477b,JAPRES09DEL03,25,5.0,Sandstorms,Jam,2,Drinks,scooter,1,1,Semi-Urban,29.0,4.469203457950985,10.0,20
0x697b,INDORES18DEL02,27,4.8,Cloudy,Jam,0,Drinks,scooter,1,2,Semi-Urban,40.0,12.09893438000095,10.0,19
0xe109,KNPRES16DEL01,25,4.7,Stormy,Low,2,Snack,bicycle,0,1,Semi-Urban,19.0,1.4922842147892665,5.0,10
0x2836,CHENRES18DEL01,34,4.9,Sandstorms,Medium,0,Drinks,scooter,0,1,Metropolitian,26.0,6.210030477135088,10.0,16
0xa18c,INDORES20DEL01,29,4.8,Sunny,Medium,0,Drinks,scooter,1,1,Metropolitian,21.0,6.050355980667947,10.0,16
0x5979,CHENRES05DEL01,32,4.0,Sandstorms,High,2,Buffet,scooter,1,1,Semi-Urban,34.0,6.209089325963786,10.0,12
0x67ad,CHENRES06DEL01,25,4.7,Windy,Medium,2,Snack,scooter,1,1,Semi-Urban,27.0,17.07395729139767,10.0,18
0x5c6b,SURRES19DEL01,36,4.6,Cloudy,Jam,0,Snack,scooter,3,1,Metropolitian,50.0,16.722543155307,15.0,20
0x1203,PUNERES18DEL02,21,4.9,Cloudy,Jam,1,Drinks,scooter,1,1,Semi-Urban,30.0,19.91296718928853,10.0,21
0x396c,CHENRES05DEL01,36,4.2,Windy,Medium,1,Drinks,bicycle,1,1,Metropolitian,36.0,17.073813051007523,15.0,17
0x77cf,PUNERES03DEL03,24,4.9,Cloudy,Low,0,Drinks,scooter,1,1,Semi-Urban,24.0,13.788169484007305,10.0,23
0xf6a,BANGRES15DEL03,34,4.9,Sandstorms,Low,2,Drinks,bicycle,1,1,Semi-Urban,24.0,13.972053024557594,5.0,23
0x7f12,PUNERES02DEL03,29,4.5,Fog,Low,2,Snack,motorcycle,1,1,Metropolitian,25.0,13.788282220013778,15.0,23
0x639b,CHENRES03DEL03,31,4.5,Sandstorms,Jam,1,Buffet,bicycle,1,1,Semi-Urban,25.0,13.968842021961057,5.0,21
0x5f86,INDORES03DEL01,24,4.7,Sunny,High,1,Drinks,scooter,0,1,Semi-Urban,10.0,6.049956259946466,10.0,12
0x6ba8,COIMBRES06DEL02,23,4.8,Sunny,Low,1,Drinks,scooter,0,1,Semi-Urban,17.0,3.1161470193369545,5.0,8
0xd050,KOCRES19DEL01,29,4.1,Fog,Jam,2,Snack,scooter,1,1,Semi-Urban,35.0,10.924508385005714,5.0,21
0x3e2c,CHENRES20DEL01,33,4.6,Sunny,High,1,Meal,scooter,1,1,Metropolitian,23.0,6.210098947886509,5.0,14
0x348b,CHENRES16DEL03,27,4.3,Stormy,Low,0,Buffet,scooter,1,1,Metropolitian,24.0,4.65694538594946,5.0,22
0xbe6b,JAPRES05DEL03,21,4.7,Fog,Low,1,Buffet,scooter,1,1,Metropolitian,15.0,8.938093974530164,5.0,23
0x1a9f,MUMRES03DEL01,32,4.6,Sunny,High,1,Drinks,scooter,1,1,Semi-Urban,22.0,1.5292976945190186,15.0,11
0x3ef,RANCHIRES13DEL01,50,6.0,Sunny,Low,3,Snack,electric_scooter,1,1,Semi-Urban,32.0,10.564405615161895,1280.0,20
0x4a23,MYSRES010DEL02,27,4.6,Fog,Jam,2,Snack,bicycle,0,1,Semi-Urban,23.0,7.772282029629311,5.0,19
0x33e7,MYSRES01DEL01,32,4.7,Sandstorms,Low,1,Drinks,scooter,1,1,Semi-Urban,16.0,10.881197531246407,5.0,22
0xdea9,GOARES07DEL02,30,5.0,Stormy,Low,2,Meal,motorcycle,1,1,Metropolitian,24.0,3.087890466832629,15.0,8
0x2535,HYDRES20DEL01,28,4.7,Windy,Low,2,Meal,bicycle,1,1,Semi-Urban,16.0,1.5366213355982792,15.0,8
0xdc75,LUDHRES15DEL01,37,5.0,Cloudy,Jam,1,Snack,bicycle,1,1,Semi-Urban,43.0,10.254765380990598,5.0,21
0x5b0d,PUNERES18DEL02,31,4.7,Cloudy,Low,2,Buffet,scooter,0,1,Semi-Urban,15.0,3.064002956584147,5.0,8
0x2123,PUNERES04DEL03,31,4.4,Stormy,Jam,1,Meal,scooter,1,1,Semi-Urban,34.0,4.596951629499115,15.0,19
0x7bad,COIMBRES14DEL03,33,3.6,Sandstorms,Medium,2,Buffet,scooter,1,1,Metropolitian,34.0,14.022253080995231,10.0,18
0xbfbf,BHPRES11DEL02,29,5.0,Fog,Medium,0,Snack,scooter,1,1,Metropolitian,32.0,19.627167871570084,10.0,18
0x7cf7,CHENRES13DEL01,24,4.5,Fog,Low,2,Drinks,bicycle,0,1,Semi-Urban,23.0,17.074879617078196,15.0,22
0xb92,CHENRES010DEL01,38,4.6,Sunny,Jam,1,Snack,bicycle,0,1,Semi-Urban,23.0,10.865409153294227,5.0,21
0x2ba7,BANGRES03DEL03,28,4.0,Stormy,Low,0,Meal,scooter,1,1,Semi-Urban,29.0,9.314907489514157,5.0,22
0x86f5,MUMRES08DEL02,35,4.5,Sunny,Medium,0,Drinks,scooter,0,1,Semi-Urban,28.0,7.6495063183287915,10.0,18
0xc552,GOARES09DEL01,35,4.6,Sandstorms,Low,0,Snack,scooter,0,1,Semi-Urban,26.0,10.813454754876,5.0,22
0x2ebc,JAPRES16DEL02,21,4.7,Fog,Jam,2,Buffet,motorcycle,0,1,Semi-Urban,24.0,7.450185408246092,15.0,21
0x8757,CHENRES05DEL03,20,5.0,Stormy,Low,2,Snack,scooter,1,1,Semi-Urban,18.0,9.313449926160661,10.0,23
0x5636,MUMRES13DEL02,31,3.9,Stormy,Jam,2,Buffet,bicycle,1,1,Semi-Urban,40.0,19.880040740546,15.0,19
0x93ad,MYSRES18DEL03,24,4.8,Cloudy,Jam,2,Buffet,motorcycle,1,1,Semi-Urban,27.0,9.326360257118816,10.0,21
0x963c,VADRES20DEL03,38,4.8,Stormy,Low,1,Buffet,bicycle,1,1,Semi-Urban,23.0,4.544215521132342,5.0,22
0xa96e,VADRES20DEL01,30,5.0,Sandstorms,Jam,0,Drinks,scooter,2,1,Semi-Urban,36.0,16.659917302375394,10.0,19
0x46ca,VADRES05DEL01,21,4.8,Windy,High,0,Drinks,scooter,1,1,Metropolitian,16.0,6.058870515565882,10.0,13
0x794c,CHENRES010DEL02,25,4.7,Sandstorms,Low,0,Buffet,scooter,1,1,Semi-Urban,15.0,20.17741678822261,10.0,23
0x38d9,HYDRES16DEL01,30,4.6,Fog,Low,0,Drinks,scooter,1,1,Semi-Urban,23.0,1.5367917694809952,15.0,9
0x9712,RANCHIRES08DEL01,38,4.5,Stormy,Jam,2,Buffet,scooter,0,1,Semi-Urban,25.0,10.565179206181444,10.0,19
0x6f3f,INDORES17DEL01,38,3.9,Windy,Jam,2,Buffet,bicycle,1,1,Semi-Urban,41.0,10.5864846162781,10.0,20
0x45e2,PUNERES16DEL02,34,4.7,Sandstorms,Jam,1,Drinks,bicycle,1,1,Semi-Urban,30.0,7.660895664241821,5.0,19
0xa36b,RANCHIRES18DEL03,36,4.7,Fog,Jam,1,Buffet,bicycle,1,1,Metropolitian,38.0,13.583440059634135,10.0,19
0x89ec,COIMBRES14DEL02,30,4.6,Fog,Jam,2,Meal,bicycle,3,1,Metropolitian,49.0,12.464329297636581,10.0,22
0x3016,COIMBRES06DEL01,27,4.6,Cloudy,Low,1,Meal,scooter,1,1,Semi-Urban,20.0,17.13751702263965,5.0,0
0x3c2a,BANGRES15DEL03,23,5.0,Stormy,Low,1,Meal,scooter,1,1,Metropolitian,19.0,9.314976789360625,10.0,23
0x2b7f,PUNERES09DEL02,38,3.8,Stormy,Jam,2,Buffet,bicycle,1,1,Semi-Urban,41.0,12.256927745913815,15.0,19
0x311e,CHENRES17DEL02,33,4.5,Stormy,Medium,1,Buffet,scooter,1,1,Semi-Urban,27.0,7.761486237714824,15.0,17
0x1939,HYDRES05DEL01,28,4.8,Sandstorms,Low,2,Buffet,scooter,0,1,Semi-Urban,18.0,1.5368199501604665,10.0,10
0x96b,CHENRES15DEL01,30,4.7,Stormy,High,1,Meal,bicycle,1,1,Semi-Urban,32.0,6.209485128886319,5.0,13
0xf44,MUMRES07DEL01,30,4.9,Cloudy,Jam,0,Drinks,scooter,0,1,Semi-Urban,45.0,10.708220667367794,15.0,19
0xb4f,SURRES06DEL03,33,4.8,Windy,Low,1,Meal,bicycle,1,1,Semi-Urban,25.0,4.5607604314529,10.0,22
0x1188,JAPRES16DEL02,28,4.8,Sunny,Jam,2,Meal,bicycle,1,1,Metropolitian,15.0,7.450185408246092,15.0,21
0x63d2,MUMRES16DEL03,22,4.6,Cloudy,Low,0,Snack,scooter,0,1,Metropolitian,22.0,13.766192440641818,10.0,23
0x954e,MUMRES08DEL03,36,4.7,Sandstorms,Medium,0,Drinks,scooter,1,1,Semi-Urban,42.0,13.768325585874765,15.0,17
0x9bc1,COIMBRES14DEL02,37,4.9,Windy,Low,1,Drinks,scooter,1,1,Semi-Urban,24.0,7.790401204068506,15.0,22
0xa82a,PUNERES20DEL01,35,4.8,Sunny,Low,1,Snack,bicycle,0,1,Semi-Urban,13.0,1.5320260227341909,15.0,8
0xa158,SURRES08DEL03,32,4.9,Cloudy,Medium,0,Meal,scooter,0,1,Semi-Urban,41.0,13.68149202266889,15.0,18
0x7ee8,MUMRES17DEL03,31,4.4,Sandstorms,Jam,0,Meal,scooter,1,1,Semi-Urban,39.0,13.766116995711348,5.0,21
0xcde0,KOLRES13DEL02,34,4.8,Fog,Medium,2,Snack,bicycle,2,1,Metropolitian,44.0,19.67249528098233,5.0,17
0x66b8,PUNERES02DEL03,38,4.5,Sandstorms,Jam,1,Drinks,bicycle,1,1,Semi-Urban,30.0,9.192571532077613,15.0,20
0xb296,INDORES03DEL02,30,4.7,Sunny,Medium,1,Drinks,scooter,1,1,Metropolitian,17.0,19.659373527443684,10.0,17
0x7502,INDORES19DEL02,34,4.9,Sunny,Medium,0,Meal,scooter,1,1,Semi-Urban,33.0,12.099354574706966,15.0,18
0x3074,HYDRES04DEL02,21,4.2,Windy,Low,0,Buffet,scooter,0,1,Semi-Urban,22.0,3.073782598017619,15.0,9
0x9355,HYDRES08DEL03,26,4.3,Sunny,Jam,0,Snack,scooter,0,1,Metropolitian,48.0,9.220209378254708,10.0,20
0xe02b,BHPRES05DEL02,36,4.3,Cloudy,Low,2,Snack,bicycle,1,1,Semi-Urban,36.0,19.628433732209125,10.0,22
0x2eab,RANCHIRES010DEL01,25,4.2,Sunny,High,0,Meal,scooter,1,1,Semi-Urban,44.0,6.037544630194255,10.0,12
0x5efb,RANCHIRES19DEL01,22,4.6,Fog,Low,1,Drinks,bicycle,1,1,Metropolitian,15.0,1.5095756042667012,15.0,8
0x5696,MYSRES11DEL02,27,4.7,Sandstorms,Jam,1,Buffet,scooter,1,1,Metropolitian,18.0,20.20634489518928,15.0,21
0xd5e3,KOCRES19DEL02,26,4.3,Stormy,Low,0,Drinks,scooter,0,1,Metropolitian,17.0,3.1214062495331616,15.0,8
0x3c9e,JAPRES09DEL01,33,5.0,Stormy,Low,1,Buffet,scooter,0,1,Semi-Urban,27.0,1.489792976782627,10.0,10
0x438f,BANGRES010DEL01,39,4.6,Sunny,Medium,1,Meal,bicycle,1,1,Semi-Urban,23.0,6.210618323092562,10.0,15
0xa696,INDORES15DEL02,25,4.3,Windy,Medium,0,Buffet,scooter,1,1,Semi-Urban,35.0,19.658828717454107,10.0,17
0xa2cc,COIMBRES15DEL03,22,4.9,Stormy,Jam,1,Snack,scooter,1,1,Metropolitian,15.0,9.348356419300423,10.0,19
0x9c5a,COIMBRES010DEL01,28,4.9,Sunny,Jam,2,Drinks,motorcycle,0,1,Semi-Urban,12.0,17.138041435510257,15.0,19
0xa191,SURRES04DEL02,21,4.8,Stormy,Jam,2,Buffet,scooter,1,1,Semi-Urban,29.0,12.161512247541568,5.0,20
0xca0e,KOLRES01DEL03,20,4.7,Sandstorms,Low,1,Drinks,scooter,1,1,Metropolitian,19.0,13.62208523449083,15.0,23
0x321b,COIMBRES17DEL02,22,4.6,Sunny,Low,0,Drinks,scooter,1,1,Semi-Urban,16.0,3.116121839413475,10.0,8
0x2b1c,SURRES03DEL03,33,4.7,Fog,Jam,0,Meal,scooter,1,1,Semi-Urban,30.0,4.560734055769101,5.0,20
0xa7f9,BANGRES12DEL02,30,4.2,Sandstorms,Medium,0,Buffet,scooter,1,1,Semi-Urban,35.0,20.182482607604513,10.0,18
0x7293,CHENRES13DEL03,22,4.2,Stormy,Low,0,Meal,scooter,1,1,Semi-Urban,26.0,4.657153007152837,5.0,23
0xa05b,CHENRES05DEL02,33,4.9,Fog,Jam,2,Meal,scooter,1,2,Semi-Urban,47.0,20.177742451194362,10.0,19
0x1a20,INDORES16DEL02,38,4.9,Cloudy,High,2,Buffet,bicycle,1,1,Metropolitian,38.0,3.0251533668867396,15.0,11
0x40d5,CHENRES03DEL02,37,4.9,Sunny,Low,2,Drinks,bicycle,0,1,Semi-Urban,12.0,3.104402431477901,15.0,9
0xd067,KNPRES07DEL03,27,4.7,Sunny,Jam,2,Snack,bicycle,0,1,Semi-Urban,12.0,13.429027601857161,15.0,20
0xa59c,MYSRES19DEL01,32,5.0,Windy,High,1,Snack,bicycle,1,1,Semi-Urban,31.0,6.217735074214348,5.0,14
0x22c9,MUMRES11DEL01,35,4.6,Cloudy,Jam,0,Drinks,scooter,1,1,Semi-Urban,45.0,10.711185800959658,10.0,21
0xe01c,KOLRES02DEL01,30,4.4,Sandstorms,Jam,1,Buffet,scooter,1,1,Semi-Urban,34.0,16.6486646134817,5.0,21
0x8021,INDORES14DEL02,25,4.4,Cloudy,Medium,2,Meal,bicycle,1,1,Semi-Urban,39.0,12.098699936279859,5.0,17
0x582a,SURRES05DEL03,26,4.2,Stormy,Jam,0,Buffet,scooter,1,1,Semi-Urban,31.0,13.681416111912892,15.0,19
0xc5d1,KOCRES05DEL03,24,5.0,Sandstorms,Jam,1,Buffet,bicycle,0,1,Semi-Urban,18.0,14.0453730484291,10.0,21
0xe06e,ALHRES03DEL01,26,4.9,Cloudy,Low,0,Drinks,scooter,1,1,Semi-Urban,22.0,1.4981425885986375,15.0,8
0xc75d,AURGRES18DEL02,39,4.8,Sandstorms,Low,2,Drinks,scooter,1,1,Semi-Urban,22.0,7.631222020276562,15.0,22
0xbe65,INDORES08DEL01,39,4.9,Windy,Low,0,Buffet,scooter,0,1,Semi-Urban,22.0,10.587819003215479,10.0,23
0x6b3e,HYDRES08DEL03,22,4.5,Windy,Jam,2,Drinks,bicycle,0,1,Semi-Urban,27.0,4.610285665960067,15.0,19
0x5d38,BANGRES13DEL02,23,4.8,Sunny,Medium,0,Meal,scooter,1,1,Semi-Urban,22.0,12.42069253996503,15.0,18
0x8544,MYSRES05DEL01,25,4.2,Fog,Jam,2,Meal,scooter,1,1,Semi-Urban,44.0,10.88093543843387,15.0,20
0x219e,BANGRES19DEL02,36,4.3,Windy,Jam,0,Buffet,scooter,1,1,Semi-Urban,44.0,20.18348136584519,5.0,21
0x2acd,PUNERES16DEL01,30,4.0,Windy,High,1,Buffet,scooter,1,1,Semi-Urban,31.0,1.5324173514302288,5.0,11
0x34b8,INDORES17DEL03,37,4.4,Sandstorms,Jam,2,Snack,scooter,2,1,Semi-Urban,40.0,13.61082462242586,5.0,20
0x75c5,VADRES20DEL01,33,5.0,Cloudy,Medium,2,Meal,scooter,1,1,Semi-Urban,31.0,10.602467987619507,5.0,18
0x9d0e,RANCHIRES04DEL02,34,4.6,Windy,Medium,2,Meal,bicycle,0,1,Semi-Urban,27.0,7.546680469081603,15.0,17
0xc676,DEHRES03DEL01,29,4.6,Sunny,Medium,0,Snack,scooter,1,1,Semi-Urban,21.0,5.874816158028467,5.0,16
0x62d8,CHENRES14DEL02,39,4.6,Fog,Low,0,Meal,scooter,1,1,Metropolitian,25.0,7.761780026108867,5.0,22
0xdb9f,AGRRES20DEL01,26,4.3,Sandstorms,Low,0,Meal,scooter,0,1,Semi-Urban,20.0,1.4883409409467787,15.0,10
0xaa47,BANGRES19DEL03,25,4.9,Windy,Low,0,Buffet,scooter,0,1,Semi-Urban,17.0,13.973727486522968,5.0,23
0xefc,JAPRES02DEL02,39,4.7,Fog,Low,2,Drinks,scooter,1,1,Metropolitian,17.0,7.448298968601334,5.0,22
0x9abd,MUMRES04DEL02,24,4.8,Stormy,High,0,Drinks,scooter,0,1,Semi-Urban,20.0,3.0582815752499948,5.0,11
0x6fdd,MUMRES05DEL03,27,4.8,Cloudy,Low,1,Meal,bicycle,1,1,Semi-Urban,22.0,13.773737657079298,10.0,22
0x6d29,RANCHIRES07DEL02,27,4.9,Sunny,Jam,1,Snack,scooter,1,1,Metropolitian,24.0,12.074047498027575,15.0,21
0x574d,PUNERES02DEL01,27,4.6,Sunny,Jam,0,Snack,scooter,0,1,Semi-Urban,15.0,10.724517748046024,10.0,19
0xa292,BANGRES13DEL01,38,4.3,Stormy,Jam,0,Drinks,scooter,1,1,Metropolitian,36.0,10.868212517103021,15.0,19
0x4556,JAPRES03DEL01,25,4.9,Sandstorms,Medium,0,Meal,scooter,0,1,Semi-Urban,16.0,5.958771662511523,15.0,16
0x7e58,MUMRES19DEL01,24,5.0,Cloudy,Jam,1,Drinks,scooter,1,1,Semi-Urban,32.0,10.707006464770936,5.0,19
0x7cc1,BANGRES11DEL01,27,4.6,Windy,Jam,2,Drinks,bicycle,1,1,Semi-Urban,28.0,17.07799287216204,5.0,20
0x9ad5,MUMRES18DEL01,35,3.7,Cloudy,Low,1,Meal,scooter,0,1,Semi-Urban,37.0,16.8253834049009,15.0,23
0x9bfa,VADRES20DEL02,35,3.6,Stormy,Jam,1,Snack,bicycle,0,1,Semi-Urban,35.0,19.688340311678566,5.0,19
0xb40,PUNERES18DEL02,25,4.3,Sandstorms,High,0,Buffet,scooter,1,1,Semi-Urban,33.0,3.064002956584147,15.0,12
0x8922,MYSRES07DEL02,39,4.9,Sandstorms,Jam,0,Drinks,scooter,1,1,Metropolitian,36.0,12.435204072231338,10.0,21
0xc669,LUDHRES15DEL01,25,4.9,Sandstorms,Jam,1,Buffet,scooter,1,1,Semi-Urban,28.0,10.254765380990598,15.0,20
0xdf85,GOARES06DEL01,23,4.8,Stormy,Medium,0,Drinks,scooter,1,1,Semi-Urban,31.0,16.981594342110476,15.0,17
0x7ff5,CHENRES01DEL03,36,4.8,Cloudy,Low,2,Snack,scooter,0,1,Semi-Urban,26.0,13.97121661678327,15.0,22
0xb1bb,CHENRES04DEL02,24,4.8,Stormy,Medium,0,Buffet,scooter,0,1,Semi-Urban,22.0,20.178893713604634,10.0,17
0x5c4d,HYDRES07DEL01,21,4.8,Sunny,Medium,1,Drinks,bicycle,1,1,Metropolitian,12.0,16.903235903519843,10.0,17
0x4c23,MYSRES06DEL01,33,4.4,Sandstorms,Jam,0,Buffet,scooter,2,1,Semi-Urban,43.0,10.880935113345313,15.0,19
0xb4dc,BANGRES02DEL03,37,4.8,Sunny,Jam,0,Buffet,scooter,0,1,Semi-Urban,21.0,9.315071060294844,5.0,19
0xd0a9,BHPRES06DEL02,21,4.7,Fog,Medium,1,Snack,bicycle,1,1,Semi-Urban,34.0,12.07933216823287,10.0,19
0xdea2,DEHRES16DEL02,39,4.9,Sandstorms,Medium,1,Meal,bicycle,1,1,Semi-Urban,28.0,19.088793977182956,10.0,17
0xabdd,MYSRES09DEL02,25,4.7,Sunny,Jam,2,Buffet,scooter,1,1,Semi-Urban,19.0,12.43525673518922,10.0,21
0x857d,MUMRES01DEL02,22,4.5,Windy,Jam,1,Buffet,scooter,1,1,Semi-Urban,17.0,19.88298786811286,10.0,21
0x9475,JAPRES07DEL03,36,4.6,Sunny,Jam,1,Drinks,bicycle,1,1,Semi-Urban,21.0,13.413644078076244,10.0,20
0x176e,BANGRES19DEL03,35,4.8,Cloudy,Medium,1,Drinks,bicycle,0,1,Semi-Urban,19.0,4.65818248829983,15.0,18
0xb411,CHENRES11DEL02,30,3.9,Stormy,Medium,1,Meal,bicycle,1,1,Semi-Urban,34.0,20.177519993018656,15.0,18
0x27af,JAPRES02DEL03,24,4.8,Fog,Medium,2,Snack,motorcycle,0,1,Metropolitian,13.0,8.93778311563518,10.0,17
0x461c,HYDRES04DEL02,20,4.6,Stormy,Jam,2,Meal,bicycle,0,1,Semi-Urban,16.0,7.68415541716559,15.0,20
0xd0fe,KNPRES16DEL01,34,4.7,Sandstorms,Low,2,Buffet,scooter,0,1,Metropolitian,22.0,1.4922842147892665,10.0,8
0xd191,ALHRES01DEL02,34,5.0,Sandstorms,Low,1,Meal,bicycle,1,1,Semi-Urban,15.0,19.471257579516955,10.0,23
0x1000,HYDRES03DEL02,30,5.0,Sunny,Low,1,Snack,bicycle,1,1,Metropolitian,24.0,12.29378731203682,15.0,22
0x47c4,CHENRES13DEL02,29,4.7,Fog,High,0,Meal,scooter,1,1,Metropolitian,29.0,3.1047992381869647,10.0,11
0x4c2c,PUNERES19DEL03,37,4.6,Sunny,Jam,1,Meal,bicycle,1,1,Semi-Urban,16.0,4.596317855297838,5.0,21
0x4710,INDORES12DEL02,28,4.7,Cloudy,Low,0,Buffet,scooter,1,1,Semi-Urban,24.0,12.099251698246315,10.0,23
0xda7,RANCHIRES010DEL02,20,4.6,Stormy,Jam,0,Meal,scooter,1,1,Semi-Urban,29.0,7.546800541055753,15.0,19
0x5149,PUNERES17DEL01,27,4.6,Stormy,Low,2,Meal,motorcycle,1,1,Semi-Urban,17.0,1.5322885596942126,15.0,8
0x8262,MYSRES17DEL01,22,4.9,Sandstorms,Low,1,Snack,bicycle,1,1,Semi-Urban,19.0,1.5544994921789963,10.0,10
0xb3ae,MYSRES13DEL02,30,4.1,Sandstorms,Low,0,Meal,scooter,1,1,Semi-Urban,30.0,3.109059104393369,10.0,8
0x7ebc,SURRES17DEL01,22,4.8,Cloudy,High,0,Drinks,scooter,1,1,Semi-Urban,21.0,1.5204709334108633,15.0,11
0xbf28,KNPRES20DEL02,30,4.7,Sunny,Jam,2,Snack,motorcycle,1,1,Semi-Urban,21.0,19.396130154604034,45.0,20
0x70cc,VADRES05DEL01,24,4.6,Sandstorms,Low,0,Snack,scooter,0,1,Semi-Urban,17.0,10.602497166339631,15.0,23
0x48e8,VADRES14DEL01,26,4.7,Stormy,Jam,1,Drinks,scooter,1,1,Metropolitian,19.0,10.60245939514964,15.0,19
0xb034,MYSRES13DEL03,31,4.3,Fog,Jam,1,Buffet,scooter,2,1,Semi-Urban,48.0,13.989852322089257,15.0,20
0xdc26,AURGRES010DEL02,35,4.3,Windy,Jam,1,Buffet,scooter,1,1,Semi-Urban,35.0,12.20989608429735,15.0,21
0xb0a,COIMBRES11DEL01,23,4.9,Stormy,Low,1,Meal,scooter,0,1,Semi-Urban,19.0,1.558137239175215,10.0,11
0x507a,PUNERES07DEL01,23,4.7,Cloudy,Low,2,Meal,bicycle,1,1,Semi-Urban,20.0,16.85208641567295,15.0,23
0xbaed,MUMRES11DEL01,25,4.9,Sandstorms,Low,1,Meal,bicycle,1,1,Semi-Urban,18.0,1.5302997807730145,15.0,9
0x1613,JAPRES02DEL01,37,4.6,Cloudy,Low,1,Snack,scooter,0,1,Semi-Urban,16.0,1.4897768153112216,15.0,8
0xd149,AURGRES19DEL03,21,4.6,Fog,Medium,0,Buffet,scooter,1,1,Semi-Urban,43.0,13.736270134356499,10.0,18
0xb896,INDORES06DEL01,21,4.7,Fog,Low,0,Snack,scooter,1,1,Metropolitian,20.0,10.587732954177069,5.0,23
0xa8cb,JAPRES14DEL02,29,4.7,Stormy,Low,2,Drinks,bicycle,0,1,Semi-Urban,17.0,11.917779612813971,15.0,23
0x7c50,COIMBRES15DEL03,35,4.2,Windy,Low,0,Drinks,scooter,2,1,Semi-Urban,34.0,4.674295333360666,15.0,22
0xa4f4,PUNERES09DEL01,25,4.3,Sandstorms,Jam,0,Snack,scooter,0,1,Metropolitian,35.0,16.852572769450653,10.0,19
0x7241,HYDRES11DEL02,29,4.7,Sunny,Medium,2,Meal,bicycle,1,1,Semi-Urban,10.0,7.683765443180289,15.0,17
0x3f07,MUMRES15DEL01,25,4.7,Sunny,High,2,Buffet,bicycle,1,1,Semi-Urban,16.0,1.5295062057776052,5.0,11
0x6291,COIMBRES08DEL02,29,4.7,Sandstorms,Jam,2,Meal,bicycle,0,1,Semi-Urban,24.0,12.464367397048669,5.0,19
0xbc4,HYDRES02DEL02,30,4.7,Sunny,Low,0,Meal,scooter,0,1,Metropolitian,12.0,7.684129284114672,155.0,20
0x6ac2,INDORES05DEL03,24,3.8,Sunny,Jam,0,Buffet,scooter,2,1,Semi-Urban,40.0,4.537922749289298,5.0,20
0x2021,PUNERES02DEL02,26,4.5,Windy,Low,1,Meal,scooter,0,3,Metropolitian,10.0,19.915298664494234,5.0,22
0x2a6f,SURRES08DEL01,23,4.9,Sunny,Medium,2,Snack,scooter,1,1,Metropolitian,10.0,10.641495972351702,15.0,18
0x8a25,INDORES18DEL01,38,4.2,Stormy,High,0,Meal,scooter,1,1,Semi-Urban,40.0,6.049834150687609,15.0,15
0x1eb1,SURRES03DEL01,30,4.7,Fog,Medium,1,Snack,bicycle,0,1,Semi-Urban,29.0,10.641042055468692,1330.0,20
0xa7a8,HYDRES20DEL02,32,3.9,Windy,Medium,2,Buffet,bicycle,1,1,Semi-Urban,38.0,12.291841945089606,10.0,18
0x931f,SURRES18DEL03,29,4.8,Sandstorms,Jam,0,Buffet,scooter,0,1,Semi-Urban,21.0,4.56126563284071,5.0,21
0x8bf3,MUMRES14DEL02,29,4.6,Cloudy,Low,0,Snack,scooter,0,1,Semi-Urban,22.0,3.058924545938562,15.0,8
0x912c,HYDRES02DEL01,27,4.7,Windy,Jam,1,Drinks,bicycle,1,1,Semi-Urban,21.0,10.757499697083244,10.0,19
0xda4b,ALHRES18DEL03,30,4.6,Sunny,Jam,0,Meal,scooter,0,1,Semi-Urban,29.0,20.968993556155134,15.0,19
0x8106,RANCHIRES08DEL02,24,4.8,Sandstorms,Low,1,Snack,bicycle,1,1,Semi-Urban,18.0,12.074281945769359,10.0,23
0xa819,MYSRES15DEL01,26,4.6,Sandstorms,Low,1,Buffet,scooter,0,1,Semi-Urban,17.0,17.0970739431768,5.0,22
0x305a,MYSRES11DEL01,35,4.8,Sunny,High,0,Buffet,scooter,1,1,Semi-Urban,20.0,6.217860329667253,15.0,12
0xae24,CHENRES13DEL01,30,4.8,Fog,High,0,Meal,scooter,1,1,Metropolitian,28.0,6.209476177667662,10.0,12
0x1cef,RANCHIRES16DEL01,27,4.7,Fog,Low,2,Snack,scooter,0,1,Semi-Urban,23.0,16.600272418856072,10.0,23
0x9d46,VADRES05DEL02,21,4.9,Cloudy,Low,1,Buffet,bicycle,0,1,Semi-Urban,18.0,3.0295354155430836,15.0,9
0x8b9c,SURRES19DEL01,23,4.8,Sunny,Medium,2,Buffet,bicycle,0,3,Metropolitian,11.0,10.64228895373868,15.0,18
0x5e9e,RANCHIRES18DEL02,21,4.5,Sunny,Jam,0,Drinks,scooter,1,1,Metropolitian,20.0,19.61916749330441,15.0,19
0xb106,MYSRES20DEL03,30,4.6,Stormy,Medium,1,Snack,bicycle,0,1,Metropolitian,25.0,9.32635938574064,5.0,17
0xcaa3,AURGRES17DEL03,32,3.6,Cloudy,Low,2,Snack,bicycle,1,1,Semi-Urban,38.0,13.735861544288484,15.0,23
0x3042,SURRES13DEL01,39,4.2,Windy,High,0,Drinks,scooter,0,1,Metropolitian,39.0,1.5203728379727393,10.0,11
0x4acf,COIMBRES18DEL02,32,4.1,Stormy,Jam,2,Buffet,motorcycle,1,1,Semi-Urban,34.0,12.463970105023904,5.0,21
0xcd9,SURRES05DEL01,30,4.7,Sunny,Low,2,Drinks,bicycle,0,1,Semi-Urban,18.0,1.5203488928264928,725.0,20
0x7695,RANCHIRES010DEL03,30,5.0,Cloudy,Jam,1,Buffet,bicycle,1,2,Semi-Urban,48.0,13.583302501334014,5.0,21
0x5bea,MUMRES14DEL01,20,4.8,Windy,High,0,Drinks,scooter,1,1,Semi-Urban,16.0,6.117673772819904,15.0,14
0x5e09,MYSRES03DEL01,30,3.6,Stormy,Jam,1,Snack,bicycle,1,1,Semi-Urban,42.0,17.09875410817548,15.0,22
0x3c40,COIMBRES20DEL02,33,4.9,Sandstorms,High,0,Buffet,scooter,1,1,Urban,49.0,3.116288055540994,5.0,11
0x933c,MYSRES20DEL02,25,4.6,Cloudy,Jam,1,Snack,scooter,0,1,Semi-Urban,30.0,12.434913132379245,15.0,21
0x852b,INDORES01DEL03,27,4.9,Stormy,Jam,0,Meal,scooter,1,1,Semi-Urban,36.0,4.5384079078628705,10.0,20
0x2383,HYDRES04DEL03,30,5.0,Cloudy,Jam,2,Meal,bicycle,1,1,Metropolitian,32.0,9.220865975037842,5.0,19
0xd0e,SURRES03DEL02,27,4.8,Sandstorms,Low,0,Drinks,scooter,0,1,Metropolitian,18.0,12.160999124282084,10.0,23
0x1329,PUNERES12DEL03,25,4.6,Cloudy,Low,0,Drinks,scooter,1,1,Semi-Urban,24.0,13.789485363023294,10.0,23
0xd064,DEHRES08DEL01,37,4.2,Cloudy,Jam,1,Meal,scooter,2,1,Semi-Urban,46.0,10.279157046351159,5.0,19
0x6241,CHENRES08DEL02,32,4.3,Stormy,Low,0,Snack,scooter,1,1,Metropolitian,20.0,3.104827485600479,10.0,8
0x5161,INDORES06DEL02,21,4.9,Fog,High,1,Drinks,scooter,1,1,Semi-Urban,29.0,3.0253210909321173,10.0,11
0x2ae2,CHENRES010DEL01,30,4.7,Fog,Medium,0,Drinks,scooter,0,1,Semi-Urban,26.0,6.208989450210038,15.0,15
0x942d,SURRES14DEL01,24,4.2,Stormy,Low,0,Drinks,scooter,1,1,Metropolitian,29.0,1.520431947999248,15.0,9
0x99ee,MUMRES010DEL02,39,4.8,Cloudy,Low,1,Drinks,scooter,1,1,Semi-Urban,19.0,3.060475538709063,15.0,10
0xcc07,KOCRES11DEL02,24,4.9,Sunny,Medium,0,Buffet,scooter,1,1,Metropolitian,20.0,12.484184857475693,10.0,18
0x5b4e,COIMBRES05DEL02,36,4.3,Stormy,Jam,2,Snack,scooter,1,1,Semi-Urban,31.0,20.253058591951753,15.0,20
0x3d8d,INDORES15DEL02,38,3.5,Cloudy,Low,2,Meal,bicycle,1,1,Semi-Urban,32.0,19.658828717454107,10.0,23
0x2f9d,CHENRES07DEL01,32,3.5,Stormy,Medium,2,Snack,bicycle,1,1,Semi-Urban,33.0,17.07302628964209,15.0,17
0x8983,MYSRES11DEL03,20,5.0,Fog,Low,2,Snack,bicycle,1,1,Metropolitian,10.0,9.326616348118744,10.0,22
0xc1c6,DEHRES08DEL02,24,4.9,Stormy,Low,2,Snack,bicycle,1,1,Metropolitian,10.0,7.342575883380827,10.0,22
0xb6c7,BANGRES02DEL02,34,4.8,Stormy,Jam,0,Snack,scooter,1,1,Metropolitian,38.0,12.41985066025277,5.0,19
0x7a9c,MYSRES09DEL02,23,4.7,Sandstorms,Jam,2,Buffet,bicycle,1,1,Semi-Urban,11.0,7.772253320446165,10.0,21
0x1ff8,PUNERES06DEL02,21,4.8,Fog,Low,0,Snack,scooter,1,1,Semi-Urban,23.0,19.915585713443292,15.0,23
0x47d7,INDORES06DEL01,32,3.7,Cloudy,Low,2,Buffet,motorcycle,0,1,Semi-Urban,37.0,16.636744591831217,5.0,22
0xb79b,MUMRES20DEL03,23,4.8,Windy,Low,2,Drinks,motorcycle,1,1,Metropolitian,11.0,13.76685500858734,5.0,22
0x97cb,BANGRES07DEL02,32,4.5,Sandstorms,Low,0,Buffet,scooter,1,1,Metropolitian,27.0,3.105095437473336,5.0,9
0x7cc4,MYSRES08DEL03,33,4.1,Stormy,Medium,2,Meal,bicycle,1,1,Semi-Urban,39.0,13.990192142064847,10.0,18
0xa2ca,COIMBRES06DEL02,28,4.9,Fog,Jam,0,Buffet,scooter,1,1,Semi-Urban,35.0,20.253088868519526,5.0,21
0x9896,COIMBRES09DEL03,22,4.3,Windy,Low,0,Buffet,scooter,0,1,Semi-Urban,27.0,4.674280112157379,10.0,22
0x9182,SURRES06DEL03,32,4.6,Stormy,Low,1,Snack,scooter,0,1,Semi-Urban,22.0,9.12108977493757,15.0,22
0x6065,JAPRES010DEL03,37,4.1,Stormy,Jam,0,Meal,scooter,1,1,Metropolitian,35.0,20.85094842431187,5.0,19
0x7bc0,JAPRES15DEL01,32,4.7,Sunny,High,2,Buffet,bicycle,1,1,Metropolitian,16.0,5.9592931098219735,15.0,13
0xac3c,BANGRES11DEL01,36,4.6,Cloudy,Low,2,Drinks,motorcycle,0,1,Metropolitian,16.0,1.5526968797445755,5.0,10
0x4f8e,MYSRES19DEL02,25,4.6,Sunny,Jam,2,Buffet,motorcycle,0,1,Semi-Urban,20.0,20.20593639018606,10.0,21
0x4f52,MUMRES03DEL02,33,4.5,Cloudy,Jam,0,Drinks,scooter,0,1,Semi-Urban,26.0,7.646049300624548,15.0,20
0xd36e,LUDHRES03DEL03,23,4.9,Stormy,Jam,1,Drinks,scooter,1,1,Semi-Urban,21.0,13.184836004654946,15.0,21
0xc9f6,KOLRES06DEL02,31,4.0,Windy,Jam,0,Meal,scooter,2,1,Semi-Urban,44.0,12.107955561823772,15.0,20
0xac40,RANCHIRES04DEL02,39,4.1,Fog,Jam,1,Meal,scooter,2,2,Semi-Urban,47.0,12.074063090452917,10.0,20
0x4f1d,INDORES20DEL02,39,4.7,Sandstorms,Low,2,Snack,bicycle,1,1,Semi-Urban,27.0,3.025279772423236,10.0,11
0x381f,JAPRES01DEL03,36,4.8,Fog,Medium,1,Buffet,bicycle,1,1,Metropolitian,18.0,4.46931202175492,15.0,18
0xd039,KOCRES16DEL01,36,4.7,Stormy,Medium,1,Buffet,scooter,1,1,Semi-Urban,27.0,17.16546112121529,10.0,17
0x95b0,CHENRES02DEL01,37,4.7,Cloudy,Low,0,Buffet,scooter,1,1,Metropolitian,26.0,1.5522330405305724,15.0,10
0xce16,KOLRES11DEL03,29,4.9,Windy,Jam,0,Buffet,scooter,1,1,Semi-Urban,16.0,9.079930407559079,10.0,21
0x689d,RANCHIRES01DEL01,30,4.6,Cloudy,High,1,Meal,bicycle,0,1,Metropolitian,38.0,6.036244196933988,15.0,14
0x84a0,MUMRES11DEL01,21,4.0,Sandstorms,Medium,0,Drinks,scooter,0,1,Semi-Urban,31.0,10.711185800959658,5.0,17
0xc4bb,KNPRES02DEL03,30,4.6,Cloudy,Low,2,Drinks,motorcycle,1,1,Semi-Urban,26.0,13.42904756962147,10.0,23
0xb1da,RANCHIRES07DEL02,39,4.3,Cloudy,Low,1,Drinks,bicycle,1,2,Semi-Urban,39.0,12.074047498027575,5.0,23
0x2dd5,INDORES18DEL01,25,3.4,Sunny,Low,1,Snack,bicycle,1,1,Semi-Urban,44.0,16.635223376953338,15.0,22
0x3a29,SURRES14DEL01,39,4.5,Sandstorms,Medium,2,Buffet,bicycle,1,1,Semi-Urban,34.0,16.72211869180285,10.0,17
0x3a42,MUMRES07DEL02,26,4.7,Stormy,Jam,1,Meal,bicycle,0,1,Metropolitian,23.0,7.648947507755509,5.0,19
0x764a,MUMRES18DEL02,26,4.7,Windy,Jam,2,Snack,scooter,0,1,Semi-Urban,27.0,12.237167878708663,10.0,19
0xca40,LUDHRES20DEL02,36,4.6,Sandstorms,Jam,1,Meal,bicycle,1,1,Semi-Urban,29.0,19.043182177181123,15.0,19
0xaf3,BANGRES16DEL03,35,5.0,Stormy,Medium,2,Drinks,scooter,1,1,Semi-Urban,24.0,13.970572124439776,15.0,18
0x3a08,PUNERES20DEL03,32,4.5,Fog,Low,1,Buffet,bicycle,1,1,Metropolitian,31.0,13.786698988713738,10.0,23
0xd6f8,BHPRES16DEL02,32,4.3,Sunny,Medium,0,Snack,scooter,1,1,Semi-Urban,32.0,12.078017632301941,5.0,17
0x83a,JAPRES17DEL01,30,4.7,Fog,Jam,1,Buffet,bicycle,0,1,Semi-Urban,40.0,10.428102699087153,5.0,22
0xbe6d,PUNERES08DEL03,39,4.8,Stormy,Jam,0,Snack,scooter,2,1,Semi-Urban,48.0,4.596698554557205,10.0,20
0x73b1,JAPRES08DEL03,27,4.7,Sandstorms,Low,2,Snack,bicycle,0,1,Metropolitian,18.0,4.469223038792308,10.0,22
0xde51,DEHRES05DEL02,38,4.5,Cloudy,Jam,0,Snack,scooter,1,1,Semi-Urban,25.0,7.342983872895803,5.0,21
0x6825,COIMBRES12DEL01,39,4.5,Windy,Jam,1,Drinks,scooter,1,1,Metropolitian,26.0,17.138105845700238,15.0,21
0x3690,HYDRES06DEL03,36,4.6,Stormy,Low,2,Buffet,scooter,1,1,Metropolitian,26.0,13.82913165629175,15.0,22
0x3b4c,PUNERES16DEL01,32,4.9,Sandstorms,Low,2,Meal,bicycle,1,1,Metropolitian,20.0,10.724956120302584,15.0,23
0xd113,LUDHRES06DEL03,31,4.7,Fog,Jam,0,Meal,scooter,1,1,Semi-Urban,48.0,20.50674159208123,15.0,20
0x7912,BANGRES010DEL02,30,4.7,Cloudy,Low,1,Drinks,bicycle,0,1,Metropolitian,18.0,3.105369890908668,5.0,10
0x3e09,INDORES12DEL02,23,4.7,Sunny,Low,0,Drinks,scooter,1,1,Semi-Urban,12.0,3.0251186390184004,5.0,10
0x2f98,BANGRES05DEL02,28,4.8,Fog,Jam,0,Meal,scooter,2,1,Semi-Urban,37.0,12.419848147906496,15.0,19
0x1825,JAPRES04DEL03,22,4.5,Fog,Low,2,Meal,bicycle,1,1,Metropolitian,20.0,20.852513503426962,10.0,22
0x7395,HYDRES09DEL01,39,4.6,Sunny,High,2,Snack,scooter,1,1,Metropolitian,23.0,6.147073151032162,5.0,13
0x52b,MYSRES15DEL03,30,4.7,Sunny,Low,1,Snack,bicycle,0,1,Semi-Urban,18.0,4.663187802146826,165.0,20
0xdc36,BHPRES17DEL01,38,4.7,Cloudy,High,0,Buffet,scooter,1,1,Semi-Urban,30.0,1.5101672504865264,15.0,11
0x43ce,BANGRES03DEL03,34,4.8,Sunny,Jam,1,Drinks,bicycle,0,1,Semi-Urban,22.0,9.314907489514157,15.0,20
0x5c19,SURRES18DEL03,20,4.6,Fog,Low,0,Snack,scooter,1,1,Semi-Urban,20.0,13.682504886916606,15.0,23
0xb41b,PUNERES01DEL02,38,4.6,Windy,Medium,1,Meal,scooter,1,1,Metropolitian,22.0,19.91431676645955,5.0,18
0x9090,VADRES20DEL03,22,4.2,Windy,Low,0,Drinks,scooter,1,1,Semi-Urban,24.0,4.544215521132342,5.0,23
0x4bc5,RANCHIRES04DEL02,36,4.5,Stormy,Low,0,Meal,scooter,1,1,Semi-Urban,23.0,12.074063090452917,15.0,23
0x98f4,CHENRES19DEL01,31,4.7,Windy,Low,2,Meal,bicycle,1,1,Semi-Urban,29.0,1.5525398251397549,10.0,9
0xa6ce,MYSRES01DEL02,23,5.0,Sunny,Jam,2,Meal,scooter,1,1,Metropolitian,24.0,20.206804295781904,15.0,21
0xba51,COIMBRES16DEL03,31,4.7,Stormy,Jam,1,Drinks,bicycle,1,1,Metropolitian,25.0,4.674266565274251,15.0,20
0x8a61,CHENRES18DEL01,20,4.5,Cloudy,Medium,1,Snack,bicycle,1,1,Metropolitian,28.0,10.867232952679458,15.0,18
0x8fa1,RANCHIRES01DEL03,39,4.9,Cloudy,Medium,2,Drinks,bicycle,1,1,Semi-Urban,18.0,4.527261449200724,10.0,18
0x74af,HYDRES04DEL01,22,4.1,Sandstorms,Low,0,Drinks,scooter,1,1,Semi-Urban,26.0,1.5369113551350593,5.0,9
0xd073,AGRRES13DEL01,21,4.8,Sandstorms,Medium,0,Drinks,scooter,1,1,Semi-Urban,30.0,16.368443538636935,10.0,17
0x63f6,INDORES18DEL03,30,4.5,Cloudy,Jam,1,Buffet,scooter,1,1,Semi-Urban,30.0,9.074486316335918,10.0,19
0xb950,MYSRES01DEL03,28,4.7,Stormy,Medium,0,Buffet,scooter,0,1,Metropolitian,10.0,9.326827803405624,10.0,17
0x7dad,COIMBRES13DEL01,39,4.7,Stormy,High,1,Snack,scooter,1,1,Semi-Urban,27.0,6.232373129283698,5.0,14
0xd80e,ALHRES07DEL03,38,4.7,Windy,Medium,2,Drinks,scooter,1,1,Semi-Urban,27.0,4.494291162003504,5.0,18
0x6802,HYDRES11DEL02,38,4.5,Sandstorms,Jam,2,Snack,motorcycle,0,1,Semi-Urban,36.0,19.975696041451314,15.0,21
0x5afc,RANCHIRES04DEL01,26,4.7,Sandstorms,Medium,0,Meal,scooter,1,1,Semi-Urban,28.0,10.564987742503256,10.0,18
0xc387,GOARES01DEL01,30,4.7,Windy,Medium,0,Snack,scooter,1,1,Metropolitian,42.0,10.806593198697147,1335.0,20
0x80e5,PUNERES14DEL01,30,4.8,Windy,High,2,Meal,scooter,0,1,Semi-Urban,27.0,1.5323511358881128,15.0,11
0x3bc3,RANCHIRES07DEL02,37,4.2,Sandstorms,Medium,0,Drinks,scooter,2,1,Semi-Urban,35.0,19.618630653002523,10.0,18
0xea0,CHENRES15DEL01,37,4.4,Fog,Jam,1,Snack,scooter,1,1,Semi-Urban,47.0,17.074904296042025,5.0,21
0xb2f7,SURRES19DEL02,21,4.6,Cloudy,Low,1,Snack,bicycle,1,1,Semi-Urban,18.0,3.0408931296411703,15.0,8
0x79e,BANGRES09DEL01,26,5.0,Sunny,Medium,1,Buffet,scooter,1,1,Semi-Urban,15.0,10.868244074540835,15.0,17
0xc514,AGRRES11DEL01,38,4.7,Windy,Low,2,Buffet,bicycle,1,1,Semi-Urban,28.0,10.416963824321584,5.0,22
0x13c6,INDORES07DEL03,35,4.5,Sunny,Medium,2,Snack,bicycle,0,1,Metropolitian,27.0,13.612594236925654,15.0,18
0x119e,JAPRES02DEL02,23,4.6,Sandstorms,Jam,2,Meal,motorcycle,1,1,Metropolitian,21.0,7.448298968601334,5.0,19
0x3dd8,CHENRES07DEL02,21,4.6,Fog,Low,0,Snack,scooter,1,1,Semi-Urban,23.0,12.417115998944011,5.0,23
0x8962,JAPRES05DEL01,22,4.6,Sunny,High,2,Snack,motorcycle,1,1,Semi-Urban,12.0,5.958963420481106,15.0,14
0x85f,BANGRES05DEL01,30,4.7,Sunny,Low,3,Buffet,bicycle,1,1,Semi-Urban,17.0,1.5525876685610622,770.0,20
0x5075,JAPRES010DEL02,32,4.0,Cloudy,High,1,Snack,scooter,1,1,Semi-Urban,38.0,2.979410112022739,5.0,11
0x8d3b,INDORES19DEL01,25,4.9,Windy,Low,1,Snack,bicycle,1,1,Semi-Urban,17.0,10.587113705075847,5.0,23
0x6c80,COIMBRES17DEL02,33,4.5,Sandstorms,Low,0,Drinks,scooter,1,1,Semi-Urban,26.0,7.790109178658858,15.0,23
0x386e,PUNERES14DEL03,30,4.6,Cloudy,Low,2,Meal,motorcycle,1,1,Semi-Urban,30.0,13.789630729980562,15.0,22
0xc2bf,AURGRES17DEL01,34,4.6,Stormy,Jam,1,Meal,bicycle,1,1,Semi-Urban,28.0,10.683765175101241,15.0,20
0xab69,PUNERES17DEL03,20,5.0,Fog,Medium,2,Drinks,bicycle,0,1,Metropolitian,13.0,9.193093962702912,10.0,18
0xdf63,KOCRES20DEL03,26,4.8,Cloudy,Jam,1,Snack,scooter,1,1,Semi-Urban,24.0,9.36367510199373,5.0,19
0x814,PUNERES17DEL03,30,4.7,Sunny,Low,3,Meal,electric_scooter,1,1,Metropolitian,17.0,13.789066440485813,1330.0,20
0x6181,SURRES08DEL01,30,4.7,Sandstorms,Jam,1,Drinks,bicycle,1,1,Semi-Urban,44.0,16.72129600980331,90.0,20
0xa5f7,INDORES20DEL02,25,5.0,Windy,Jam,2,Snack,bicycle,0,1,Metropolitian,18.0,19.660674820590273,15.0,19
0x8b06,CHENRES13DEL01,34,4.2,Windy,Low,0,Meal,scooter,1,1,Semi-Urban,34.0,1.5524148945455953,5.0,8
0x1d64,PUNERES08DEL02,23,4.7,Sandstorms,Jam,1,Drinks,bicycle,0,1,Metropolitian,10.0,7.66095172081025,10.0,20
0xabeb,INDORES05DEL01,39,4.8,Stormy,Low,2,Meal,bicycle,1,1,Semi-Urban,26.0,1.5126917819914392,5.0,9
0x7a94,RANCHIRES08DEL03,33,4.5,Sunny,Jam,2,Drinks,motorcycle,1,1,Semi-Urban,21.0,4.5282465767387095,5.0,20
0x7f1c,HYDRES05DEL01,24,4.6,Sunny,Jam,1,Buffet,scooter,1,1,Semi-Urban,20.0,16.902806732498032,15.0,19
0x9c4c,MYSRES08DEL03,30,4.1,Stormy,Low,0,Drinks,scooter,0,1,Semi-Urban,26.0,9.327055824816654,10.0,22
0x7e0b,HYDRES04DEL02,20,5.0,Windy,Low,2,Meal,motorcycle,1,1,Semi-Urban,17.0,12.294166376369663,5.0,23
0x9ba3,INDORES01DEL02,38,4.8,Sunny,Medium,1,Snack,scooter,1,1,Semi-Urban,17.0,12.101403911098705,15.0,17
0x2ec2,PUNERES03DEL02,31,4.7,Windy,Jam,2,Buffet,scooter,1,1,Metropolitian,25.0,7.66052012420465,10.0,21
0x5c2a,JAPRES19DEL03,21,5.0,Fog,Medium,1,Buffet,bicycle,0,1,Metropolitian,12.0,4.469162258883671,5.0,17
0x5522,MYSRES03DEL01,34,4.8,Sunny,Low,0,Drinks,scooter,1,1,Metropolitian,27.0,1.5545771256173964,5.0,9
0xc53b,LUDHRES09DEL01,35,4.1,Cloudy,Low,2,Meal,scooter,1,1,Semi-Urban,36.0,10.255391358669385,5.0,23
0x1ca7,RANCHIRES05DEL01,32,4.9,Sandstorms,Jam,0,Drinks,scooter,2,1,Metropolitian,44.0,10.565128845647761,15.0,20
0xa09a,SURRES19DEL01,25,4.7,Cloudy,Medium,1,Buffet,scooter,1,1,Semi-Urban,17.0,6.081595038517862,15.0,16
0xdc29,GOARES04DEL02,27,4.0,Sandstorms,Low,0,Snack,scooter,0,1,Metropolitian,20.0,3.0878304191129935,15.0,9
0xe200,BHPRES17DEL02,20,4.8,Sandstorms,Jam,0,Snack,scooter,0,1,Semi-Urban,25.0,12.079886418819731,15.0,19
0xba82,VADRES19DEL01,35,4.2,Windy,Low,0,Drinks,scooter,0,1,Semi-Urban,26.0,1.5147861398649296,5.0,8
0x507b,CHENRES04DEL01,35,4.2,Stormy,High,0,Drinks,scooter,1,1,Semi-Urban,32.0,6.209442398392529,5.0,15
0xdbe1,BHPRES11DEL01,31,4.2,Cloudy,High,2,Snack,motorcycle,1,1,Metropolitian,36.0,1.5100935919216976,15.0,11
0x2bc2,INDORES03DEL03,25,4.5,Sandstorms,Medium,2,Snack,bicycle,0,1,Metropolitian,16.0,13.611254468563875,15.0,18
0x7c8b,MUMRES14DEL01,39,4.8,Sunny,Medium,2,Buffet,motorcycle,1,1,Semi-Urban,22.0,6.117673772819904,15.0,16
0x5231,MUMRES20DEL03,35,4.7,Sunny,Low,1,Drinks,scooter,1,1,Semi-Urban,16.0,4.589345115377281,15.0,0
0x88ff,HYDRES06DEL03,25,4.7,Windy,Medium,1,Buffet,scooter,1,1,Semi-Urban,25.0,13.82913165629175,15.0,18
0x47ca,SURRES02DEL01,29,4.1,Cloudy,Jam,2,Snack,bicycle,1,1,Semi-Urban,33.0,16.72059667667709,5.0,19
0x49d0,MYSRES06DEL01,33,4.7,Sunny,High,1,Buffet,scooter,1,1,Semi-Urban,17.0,6.2178514120156425,10.0,12
0xc47c,LUDHRES03DEL01,31,5.0,Stormy,Jam,0,Buffet,scooter,0,1,Semi-Urban,36.0,10.25532745170433,10.0,19
0x3f13,COIMBRES03DEL03,33,4.5,Sandstorms,Jam,1,Drinks,bicycle,1,1,Semi-Urban,35.0,14.021750803377119,5.0,20
0x618f,COIMBRES16DEL01,30,4.7,Windy,Medium,2,Snack,motorcycle,1,1,Semi-Urban,33.0,6.232303380306801,1160.0,20
0x697a,PUNERES11DEL02,29,4.1,Fog,Medium,1,Meal,bicycle,1,1,Semi-Urban,38.0,19.916274899797408,10.0,18
0x2ce3,MUMRES13DEL01,37,4.8,Sunny,Low,1,Meal,bicycle,1,1,Metropolitian,29.0,16.822056546203214,5.0,22
0x3e3d,MUMRES12DEL01,34,4.9,Sandstorms,Low,1,Meal,scooter,1,1,Semi-Urban,27.0,1.5293705867132354,10.0,9
0xa4b,CHENRES18DEL01,30,4.7,Fog,Low,2,Snack,motorcycle,1,1,Metropolitian,11.0,1.55255331684981,785.0,20
0xd68a,LUDHRES05DEL02,34,4.6,Windy,Low,1,Buffet,bicycle,1,1,Semi-Urban,21.0,2.930180183062264,5.0,9
0x3a98,HYDRES03DEL01,20,4.9,Fog,High,1,Buffet,scooter,1,1,Semi-Urban,27.0,6.147215320061788,15.0,13
0x24bf,COIMBRES09DEL01,23,4.7,Windy,Medium,2,Meal,scooter,1,1,Semi-Urban,27.0,10.90628903651029,10.0,18
0xca6c,AURGRES14DEL02,21,5.0,Cloudy,Low,0,Drinks,scooter,1,1,Semi-Urban,20.0,12.209907712718547,10.0,23
0x8db2,BANGRES01DEL03,35,4.7,Stormy,Jam,1,Snack,scooter,0,1,Semi-Urban,34.0,9.315745361545886,15.0,21
0x6a19,JAPRES04DEL03,30,4.9,Fog,Jam,1,Drinks,scooter,1,1,Metropolitian,33.0,8.938197833558919,15.0,21
0xa112,VADRES20DEL02,24,4.9,Cloudy,Low,0,Snack,scooter,0,1,Semi-Urban,21.0,19.688340311678566,10.0,23
0x90a8,HYDRES09DEL03,28,4.8,Fog,Jam,0,Buffet,scooter,1,1,Semi-Urban,26.0,9.220368460607467,10.0,21
0x9afc,HYDRES14DEL01,24,4.2,Windy,Jam,0,Buffet,scooter,2,1,Semi-Urban,35.0,16.90314234117986,15.0,19
0xc055,AURGRES010DEL02,33,4.5,Windy,High,2,Buffet,motorcycle,0,1,Metropolitian,27.0,3.0527456969715105,15.0,11
0x2179,JAPRES18DEL01,31,4.6,Sunny,Jam,0,Snack,scooter,2,1,Semi-Urban,39.0,10.427215010407021,15.0,19
0xaab2,MYSRES12DEL02,30,4.8,Cloudy,Low,2,Buffet,motorcycle,1,1,Semi-Urban,18.0,3.1092107394969077,10.0,8
0xbdd2,COIMBRES08DEL01,24,4.7,Sandstorms,Medium,0,Drinks,scooter,1,1,Metropolitian,29.0,10.906412696832646,5.0,18
0x5ed6,SURRES14DEL01,28,4.7,Sandstorms,Medium,0,Meal,scooter,1,1,Metropolitian,29.0,6.081440911759753,15.0,15
0x6a1c,VADRES06DEL02,29,4.6,Fog,Medium,2,Drinks,bicycle,0,1,Semi-Urban,15.0,7.573406195224182,10.0,18
0x9a96,INDORES09DEL03,35,5.0,Sunny,Jam,1,Buffet,bicycle,0,1,Semi-Urban,24.0,4.537940846050908,5.0,21
0x90e,SURRES06DEL02,31,4.1,Stormy,Low,0,Snack,scooter,1,1,Semi-Urban,27.0,3.040554821797033,5.0,10
0x3ab5,SURRES11DEL02,34,4.3,Sandstorms,Medium,2,Snack,bicycle,0,1,Metropolitian,33.0,7.601681384871196,5.0,17
0x70b3,JAPRES16DEL01,30,4.9,Windy,Low,1,Snack,bicycle,1,1,Semi-Urban,29.0,16.388478196037884,5.0,22
0x70a,HYDRES13DEL02,30,4.7,Sunny,Low,3,Snack,bicycle,1,1,Semi-Urban,36.0,19.975642174489852,1375.0,20
0x8763,HYDRES20DEL03,31,4.6,Cloudy,Jam,1,Drinks,bicycle,0,1,Semi-Urban,27.0,4.609743188391016,10.0,21
0xdb02,AURGRES01DEL02,25,4.9,Sandstorms,Medium,1,Buffet,bicycle,1,1,Semi-Urban,29.0,7.631504867081062,5.0,17
0xbda5,HYDRES17DEL03,30,4.9,Sunny,Medium,1,Drinks,scooter,0,1,Semi-Urban,18.0,4.610120317988261,15.0,18
0x1813,MYSRES01DEL03,21,4.6,Stormy,Low,1,Snack,scooter,1,1,Semi-Urban,14.0,4.663544352411129,5.0,22
0x2479,MUMRES16DEL02,34,4.1,Windy,Jam,1,Snack,bicycle,1,1,Semi-Urban,39.0,19.883360631545855,15.0,21
0x6e0b,HYDRES01DEL01,27,4.5,Sandstorms,Low,0,Drinks,scooter,1,1,Metropolitian,18.0,16.903843893839564,5.0,22
0x93b3,INDORES15DEL01,31,4.8,Stormy,Low,2,Meal,scooter,0,1,Semi-Urban,24.0,1.5125236323325255,10.0,10
0xa4dc,JAPRES17DEL01,29,4.8,Fog,Jam,0,Buffet,scooter,1,1,Semi-Urban,37.0,16.385730104308024,15.0,21
0x937c,RANCHIRES19DEL03,39,4.9,Cloudy,Jam,2,Drinks,scooter,1,1,Semi-Urban,36.0,13.584306064167167,5.0,19
0x7431,RANCHIRES19DEL01,24,4.9,Cloudy,Medium,1,Drinks,bicycle,0,1,Semi-Urban,35.0,16.60246716832672,15.0,18
0x50f1,MUMRES16DEL02,24,4.5,Sandstorms,Low,2,Buffet,scooter,1,1,Metropolitian,18.0,3.0594600768341045,15.0,11
0x84d9,MUMRES12DEL02,32,4.7,Sandstorms,Low,1,Buffet,scooter,1,1,Semi-Urban,19.0,19.878389859457627,15.0,0
0x57b8,SURRES20DEL03,38,4.3,Stormy,Low,0,Snack,scooter,2,1,Semi-Urban,33.0,4.561223681551846,10.0,22
0x6ec,MYSRES11DEL01,30,4.7,Cloudy,Low,2,Drinks,scooter,0,1,Semi-Urban,30.0,17.09799694004444,190.0,20
0xa2ad,INDORES01DEL03,29,4.6,Sunny,Jam,1,Meal,scooter,0,1,Metropolitian,13.0,4.5384079078628705,15.0,21
0xa808,INDORES16DEL03,34,4.4,Stormy,Jam,0,Buffet,scooter,1,1,Semi-Urban,51.0,13.611585111772158,15.0,20
0x25cd,COIMBRES18DEL02,34,4.5,Sandstorms,Low,0,Meal,scooter,1,1,Semi-Urban,30.0,3.116148933802629,5.0,10
0x34a2,CHENRES04DEL02,28,4.8,Sunny,Medium,0,Snack,scooter,1,1,Semi-Urban,24.0,7.761726486394523,10.0,18
0x1509,RANCHIRES15DEL02,38,4.9,Windy,Medium,0,Meal,scooter,1,1,Semi-Urban,42.0,19.617929437389435,5.0,17
0xcba3,ALHRES13DEL01,22,4.6,Fog,Jam,1,Meal,scooter,1,1,Semi-Urban,33.0,16.47648131537372,10.0,21
0x71a9,MUMRES13DEL02,37,4.8,Fog,Low,0,Snack,scooter,0,1,Semi-Urban,22.0,3.0589506421330555,10.0,8
0xb409,BANGRES04DEL03,26,4.7,Cloudy,Medium,2,Meal,scooter,1,1,Semi-Urban,18.0,9.31488473286169,15.0,18
0x2abe,SURRES03DEL01,36,4.0,Fog,High,1,Drinks,scooter,2,1,Semi-Urban,35.0,6.080882967594327,10.0,14
0xc3d0,BHPRES16DEL03,34,4.6,Sandstorms,Low,2,Meal,bicycle,0,1,Semi-Urban,27.0,9.058825022192165,15.0,22
0x1798,CHENRES04DEL03,23,4.9,Cloudy,Medium,0,Meal,scooter,0,1,Semi-Urban,26.0,4.657127681974745,5.0,18
0x9730,HYDRES06DEL01,39,4.7,Stormy,Medium,0,Buffet,scooter,1,1,Semi-Urban,43.0,10.756273454297123,10.0,18
0xd519,KOCRES20DEL01,21,4.6,Sandstorms,High,2,Buffet,bicycle,1,1,Metropolitian,22.0,6.242544780458512,15.0,13
0x1b2f,MUMRES19DEL03,25,4.5,Windy,Medium,2,Drinks,bicycle,1,1,Semi-Urban,24.0,13.765756924309539,15.0,18
0x90e0,INDORES15DEL03,21,4.7,Windy,Jam,2,Drinks,motorcycle,1,3,Metropolitian,11.0,4.537418110277337,15.0,19
0xd9d0,GOARES06DEL03,38,4.7,Fog,Low,1,Drinks,bicycle,0,1,Metropolitian,15.0,9.263231656574524,10.0,22
0x8fad,PUNERES08DEL01,35,4.9,Sunny,Medium,0,Buffet,scooter,0,1,Semi-Urban,33.0,16.852688970823085,10.0,18
0xd10e,KOCRES03DEL02,37,3.6,Windy,Jam,1,Drinks,scooter,0,1,Metropolitian,33.0,20.28559840129957,15.0,21
0xb2a6,SURRES13DEL01,25,4.2,Cloudy,Medium,1,Drinks,bicycle,1,1,Semi-Urban,39.0,10.641604779432296,15.0,19
0x61d0,CHENRES16DEL03,39,4.7,Sunny,Jam,2,Buffet,bicycle,0,1,Semi-Urban,18.0,13.970007989574006,5.0,21
0xca66,KOLRES05DEL02,22,4.8,Windy,Low,1,Drinks,scooter,0,1,Semi-Urban,19.0,3.02735037408095,15.0,8
0xccf2,AGRRES12DEL03,21,4.8,Stormy,Jam,2,Snack,bicycle,1,1,Semi-Urban,24.0,8.928939271550702,5.0,21
0xe02a,KNPRES18DEL02,27,4.7,Sandstorms,Low,1,Drinks,scooter,1,1,Metropolitian,18.0,7.4610873930932415,15.0,23
0xbe6c,MYSRES09DEL03,27,4.6,Cloudy,Low,0,Buffet,scooter,1,1,Semi-Urban,22.0,13.989532967705534,15.0,22
0x78da,MUMRES06DEL03,37,4.7,Sandstorms,Medium,1,Drinks,bicycle,1,1,Semi-Urban,31.0,9.179538450826046,5.0,18
0x3d5e,COIMBRES05DEL01,22,4.9,Windy,Low,1,Snack,bicycle,1,1,Metropolitian,13.0,1.5580841994904555,5.0,10
0x20d2,MYSRES03DEL01,30,4.0,Stormy,High,2,Buffet,motorcycle,1,1,Semi-Urban,32.0,6.218134914911527,5.0,13
0xb30b,RANCHIRES09DEL03,27,4.8,Stormy,Jam,2,Snack,scooter,0,1,Semi-Urban,17.0,13.583460272389507,10.0,21
0x7af6,CHENRES11DEL01,38,4.9,Windy,Medium,2,Snack,bicycle,1,1,Semi-Urban,27.0,6.209021101535612,10.0,15
0x834e,PUNERES12DEL03,35,4.2,Sandstorms,Jam,0,Drinks,scooter,0,1,Semi-Urban,35.0,4.596877706640377,5.0,20
0x6ba2,BANGRES02DEL02,20,4.6,Fog,Low,2,Snack,bicycle,0,1,Metropolitian,14.0,3.1051455399287056,15.0,10
0x7437,COIMBRES02DEL01,38,4.7,Stormy,Low,2,Drinks,bicycle,1,1,Metropolitian,23.0,10.906036622245482,15.0,22
0x6295,PUNERES17DEL02,27,5.0,Stormy,Medium,1,Buffet,bicycle,1,1,Semi-Urban,23.0,7.66101794664148,10.0,17
0xb7c7,BANGRES13DEL01,35,4.1,Fog,Jam,1,Meal,bicycle,2,1,Semi-Urban,39.0,10.868212517103021,5.0,20
0x1350,VADRES19DEL01,23,4.6,Fog,Jam,0,Buffet,scooter,2,1,Semi-Urban,43.0,16.659890497111146,5.0,20
0xce69,AURGRES08DEL02,35,4.5,Windy,Low,1,Snack,scooter,0,1,Metropolitian,20.0,3.052735829416971,5.0,9
0x2071,MUMRES05DEL01,22,4.6,Windy,Medium,1,Meal,bicycle,0,1,Semi-Urban,26.0,6.122094799492641,5.0,15
0x7600,MUMRES11DEL01,22,4.7,Sunny,Medium,2,Meal,motorcycle,1,1,Semi-Urban,19.0,6.120938502923837,5.0,15
0x8f70,COIMBRES07DEL02,21,4.9,Windy,Jam,1,Snack,scooter,0,1,Metropolitian,20.0,20.25510293833981,10.0,20
0x248e,RANCHIRES01DEL01,30,4.8,Cloudy,Medium,0,Buffet,scooter,2,1,Semi-Urban,46.0,16.59765942033505,5.0,17
0xc992,ALHRES05DEL02,26,4.8,Fog,Jam,0,Snack,scooter,0,1,Metropolitian,23.0,7.48998095899907,5.0,20
0x657b,COIMBRES17DEL01,34,3.5,Stormy,Jam,1,Drinks,scooter,1,1,Semi-Urban,40.0,10.905970180191666,5.0,21
0x2173,HYDRES18DEL02,21,4.5,Fog,High,2,Meal,bicycle,1,1,Semi-Urban,30.0,3.073462803868858,5.0,12
0x1571,HYDRES07DEL02,21,4.9,Sandstorms,Jam,2,Buffet,motorcycle,1,1,Semi-Urban,29.0,7.683892680377775,5.0,21
0xb664,PUNERES05DEL02,37,4.1,Windy,Medium,0,Buffet,scooter,1,1,Semi-Urban,31.0,7.66074883742589,15.0,17
0xc8b3,AGRRES14DEL02,29,4.7,Cloudy,High,1,Drinks,scooter,1,1,Semi-Urban,24.0,2.9765873017465116,5.0,11
0xb8c7,RANCHIRES06DEL02,26,4.7,Sunny,Medium,0,Buffet,scooter,0,1,Semi-Urban,17.0,19.618739348801018,10.0,18
0x46e6,RANCHIRES17DEL01,31,4.6,Sunny,Medium,1,Snack,scooter,0,1,Semi-Urban,25.0,10.564409665969963,10.0,18
0x28e3,RANCHIRES07DEL03,32,5.0,Sunny,Low,1,Meal,scooter,0,1,Semi-Urban,11.0,9.055848504226429,15.0,23
0xe13d,ALHRES13DEL02,38,4.9,Sandstorms,Jam,0,Snack,scooter,1,1,Semi-Urban,48.0,19.471476176410082,10.0,19
0x1087,HYDRES14DEL01,30,4.7,Windy,Low,2,Snack,scooter,1,1,Metropolitian,15.0,1.5368503798521727,855.0,20
0xbe68,COIMBRES17DEL03,30,4.9,Sunny,Medium,0,Drinks,scooter,1,1,Metropolitian,22.0,9.348052751110616,5.0,18
0x7961,MUMRES06DEL02,38,4.9,Stormy,Medium,1,Meal,scooter,1,1,Metropolitian,25.0,7.649724402449684,10.0,18
0xa33b,SURRES05DEL03,26,5.0,Cloudy,Low,1,Buffet,bicycle,1,1,Semi-Urban,17.0,9.121375406203297,5.0,23
0x8cae,PUNERES09DEL02,24,4.8,Sandstorms,Medium,0,Drinks,scooter,1,1,Semi-Urban,35.0,19.916122613819716,15.0,18
0x4c93,COIMBRES11DEL02,20,4.1,Stormy,Low,0,Snack,scooter,1,1,Semi-Urban,16.0,3.1162485097900614,5.0,10
0x58e9,PUNERES20DEL02,24,4.9,Cloudy,Jam,2,Drinks,scooter,1,1,Semi-Urban,33.0,19.913009545593138,5.0,19
0x7458,COIMBRES14DEL01,36,4.6,Windy,Medium,1,Snack,bicycle,1,1,Semi-Urban,31.0,6.232373004507649,5.0,16
0xc585,AGRRES12DEL01,26,4.9,Cloudy,Low,2,Drinks,bicycle,0,1,Semi-Urban,10.0,1.488303917226356,10.0,9
0x4b0,HYDRES18DEL02,30,4.7,Sandstorms,Jam,2,Buffet,bicycle,1,1,Semi-Urban,25.0,7.683355299930933,40.0,20
0x487d,RANCHIRES04DEL03,26,4.9,Sandstorms,Jam,1,Drinks,bicycle,1,1,Metropolitian,22.0,9.05586019430546,10.0,20
0xb8cc,CHENRES14DEL01,29,4.1,Sandstorms,Medium,0,Meal,scooter,0,1,Semi-Urban,31.0,10.866277692518308,10.0,18
0x8dfc,HYDRES11DEL03,20,4.7,Stormy,Jam,0,Buffet,scooter,1,1,Metropolitian,30.0,4.6103798439313035,15.0,19
0x8ed7,MUMRES14DEL01,20,4.8,Sandstorms,Jam,1,Buffet,scooter,0,1,Metropolitian,21.0,16.821912713961545,15.0,19
0x37a9,JAPRES17DEL01,37,4.6,Fog,Jam,0,Buffet,scooter,1,1,Semi-Urban,45.0,10.428102699087153,5.0,20
0x3d89,VADRES13DEL02,35,4.6,Sunny,Medium,0,Buffet,scooter,1,1,Semi-Urban,30.0,19.68841340777118,5.0,19
0x2089,INDORES05DEL01,27,4.6,Sandstorms,Low,2,Buffet,motorcycle,0,1,Semi-Urban,12.0,16.636808584025772,15.0,22
0x3dba,INDORES05DEL03,28,5.0,Windy,Low,1,Drinks,scooter,1,1,Metropolitian,11.0,9.075387359616569,10.0,23
0x8efe,BANGRES02DEL01,27,5.0,Sandstorms,High,2,Meal,motorcycle,1,1,Semi-Urban,27.0,6.210169290102755,5.0,12
0x2ea0,MYSRES09DEL02,25,4.9,Windy,Low,1,Drinks,bicycle,1,1,Metropolitian,12.0,3.1089883297657854,10.0,9
0xc2f0,LUDHRES08DEL01,36,4.8,Stormy,Low,1,Meal,scooter,1,1,Semi-Urban,27.0,1.4651587132830592,10.0,8
0xddbf,KNPRES11DEL03,23,4.5,Windy,Medium,2,Buffet,bicycle,0,1,Semi-Urban,21.0,13.428872375814215,10.0,17
0xb6c4,SURRES02DEL02,29,5.0,Cloudy,Jam,2,Drinks,scooter,2,1,Metropolitian,34.0,12.161009703058534,5.0,19
0x4776,COIMBRES14DEL02,32,4.7,Stormy,Medium,2,Meal,motorcycle,0,1,Semi-Urban,32.0,7.790401204068506,10.0,17
0x7f82,INDORES15DEL03,20,4.2,Fog,Jam,1,Meal,bicycle,1,1,Semi-Urban,38.0,13.610877575672198,15.0,19
0xb01b,PUNERES03DEL03,39,4.8,Fog,Medium,0,Meal,scooter,1,1,Semi-Urban,31.0,4.596439723177665,15.0,18
0x8899,MUMRES07DEL01,37,4.3,Fog,High,1,Meal,bicycle,0,1,Semi-Urban,36.0,6.11924534302912,10.0,14
0x726,CHENRES19DEL03,30,4.7,Sunny,Jam,2,Drinks,bicycle,0,1,Semi-Urban,19.0,13.971759900424741,75.0,20
0x1293,SURRES16DEL01,34,4.9,Windy,Low,1,Drinks,bicycle,0,1,Semi-Urban,24.0,1.5204190072774333,10.0,10
0x6a75,SURRES14DEL02,22,4.7,Sandstorms,Low,0,Buffet,scooter,0,1,Semi-Urban,20.0,19.76188040923094,15.0,23
0xb5f2,MUMRES15DEL03,37,4.3,Cloudy,Jam,0,Buffet,scooter,0,1,Semi-Urban,31.0,4.588387206077805,10.0,19
0x4bc1,HYDRES010DEL03,37,4.6,Windy,Medium,0,Snack,scooter,2,1,Semi-Urban,41.0,13.830131455506187,5.0,17
0x4c8e,MYSRES12DEL02,35,4.9,Sandstorms,Jam,2,Drinks,scooter,1,1,Semi-Urban,29.0,7.772809995408273,5.0,20
0x75e1,VADRES05DEL03,26,4.6,Windy,Low,1,Meal,scooter,1,1,Semi-Urban,16.0,9.088005113715141,10.0,23
0x3979,INDORES05DEL03,20,4.6,Stormy,Jam,0,Buffet,scooter,1,1,Metropolitian,15.0,4.537922749289298,15.0,20
0x9cf7,MYSRES11DEL01,31,3.9,Windy,Medium,1,Meal,scooter,1,1,Semi-Urban,38.0,17.09799694004444,10.0,18
0x93a1,SURRES02DEL01,25,4.5,Stormy,Jam,2,Meal,scooter,1,1,Semi-Urban,23.0,10.64105130998624,5.0,21
0x5e62,HYDRES20DEL03,25,4.8,Sandstorms,Medium,0,Buffet,scooter,1,1,Semi-Urban,22.0,4.609743188391016,5.0,18
0x14b0,HYDRES18DEL01,30,4.7,Sunny,Medium,1,Snack,scooter,0,1,Semi-Urban,20.0,16.90205180024393,5.0,18
0x6c31,MUMRES03DEL01,22,4.8,Stormy,High,2,Meal,bicycle,0,1,Metropolitian,15.0,1.5292976945190186,10.0,11
0xad64,COIMBRES03DEL02,24,4.6,Sandstorms,Medium,1,Snack,scooter,1,1,Semi-Urban,26.0,12.463883024166657,10.0,18
0x1676,MUMRES08DEL01,38,4.6,Sunny,Low,2,Meal,bicycle,1,1,Metropolitian,17.0,10.709003371535417,10.0,22
0x9577,JAPRES16DEL02,22,4.6,Windy,Jam,1,Snack,bicycle,1,1,Metropolitian,25.0,11.919595217848318,15.0,20
0x2e40,COIMBRES15DEL02,20,4.6,Stormy,Low,1,Drinks,scooter,0,1,Semi-Urban,14.0,20.253584375809144,15.0,22
0xd44e,AURGRES03DEL02,35,4.7,Fog,High,1,Meal,scooter,0,1,Metropolitian,33.0,3.0527511596434675,15.0,11
0x92a1,COIMBRES16DEL01,30,4.4,Windy,High,0,Meal,scooter,1,1,Semi-Urban,34.0,6.232303380306801,5.0,13
0xbab2,MYSRES05DEL01,35,4.2,Sandstorms,Jam,0,Snack,scooter,2,1,Semi-Urban,51.0,10.88093543843387,15.0,19
0x2a30,CHENRES20DEL03,31,3.5,Sandstorms,Jam,1,Buffet,bicycle,1,1,Semi-Urban,40.0,13.972036025783174,15.0,22
0xd91c,DEHRES04DEL03,29,4.8,Cloudy,Jam,1,Drinks,scooter,0,1,Semi-Urban,20.0,8.811629447251411,10.0,19
0xd084,KNPRES01DEL03,35,4.8,Sandstorms,Medium,0,Buffet,scooter,1,1,Metropolitian,28.0,8.952800909210072,15.0,18
0x61bf,INDORES18DEL02,25,4.6,Windy,High,2,Meal,bicycle,1,1,Semi-Urban,21.0,3.025059809277375,15.0,11
0x280e,BANGRES09DEL03,34,3.7,Fog,Low,1,Meal,scooter,2,1,Semi-Urban,33.0,13.973182653917394,5.0,23
0x3896,MYSRES010DEL01,22,4.3,Windy,Low,0,Drinks,scooter,0,1,Semi-Urban,27.0,1.554514382186963,10.0,9
0x6155,RANCHIRES20DEL02,20,5.0,Sunny,Low,2,Snack,bicycle,0,1,Semi-Urban,22.0,3.0184094452114865,10.0,10
0xc920,ALHRES13DEL01,35,4.6,Windy,Medium,0,Snack,scooter,1,1,Semi-Urban,31.0,16.47648131537372,10.0,17
0xdcca,ALHRES18DEL02,32,4.1,Sandstorms,Low,0,Buffet,scooter,0,1,Metropolitian,22.0,2.9962426790626724,15.0,11
0x15b4,PUNERES20DEL01,22,4.9,Cloudy,Low,2,Snack,motorcycle,1,1,Metropolitian,18.0,1.5320260227341909,5.0,9
0x2923,MUMRES010DEL01,22,4.7,Fog,Medium,0,Snack,scooter,1,1,Semi-Urban,30.0,10.710903359654202,5.0,17
0x3d93,CHENRES010DEL02,37,4.7,Stormy,Low,2,Snack,motorcycle,1,1,Semi-Urban,17.0,12.417487520918895,15.0,23
0x8b94,VADRES13DEL01,24,4.7,Windy,High,0,Drinks,scooter,0,1,Metropolitian,22.0,1.5147941817694572,15.0,12
0x9ea8,VADRES13DEL01,29,4.7,Stormy,Jam,2,Drinks,bicycle,1,1,Semi-Urban,29.0,10.602507301514994,5.0,22
0xd16a,DEHRES17DEL01,23,4.9,Windy,Jam,2,Buffet,bicycle,1,1,Semi-Urban,21.0,10.280582064621875,15.0,20
0xd068,KOCRES01DEL01,36,4.8,Sandstorms,Low,1,Buffet,scooter,1,1,Semi-Urban,22.0,1.560671234748265,15.0,10
0xb65b,INDORES15DEL02,39,4.6,Stormy,Medium,2,Buffet,scooter,1,1,Semi-Urban,23.0,12.098761963862449,15.0,18
0x6d7e,MYSRES06DEL02,21,4.7,Sandstorms,Low,0,Drinks,scooter,1,1,Semi-Urban,18.0,20.20631581133856,10.0,22
0x8c44,HYDRES06DEL02,37,4.8,Windy,Medium,2,Meal,motorcycle,1,1,Semi-Urban,28.0,12.292722741488559,10.0,18
0xcb34,ALHRES05DEL02,20,5.0,Sunny,Jam,1,Meal,bicycle,1,1,Semi-Urban,14.0,11.983297481116157,10.0,20
0x56a0,CHENRES010DEL01,20,4.9,Sandstorms,Medium,2,Meal,bicycle,0,1,Semi-Urban,20.0,17.073537690614117,15.0,17
0xdcd0,DEHRES06DEL02,33,4.4,Stormy,Medium,0,Meal,scooter,1,1,Semi-Urban,33.0,19.08722804529813,5.0,18
0xd07e,KOLRES05DEL01,36,4.4,Cloudy,Low,0,Meal,scooter,0,1,Semi-Urban,42.0,10.59484217901128,10.0,22
0x1dd1,JAPRES06DEL02,25,4.7,Cloudy,Jam,0,Meal,scooter,1,2,Semi-Urban,44.0,19.3626986679347,15.0,20
0xd799,AGRRES07DEL01,28,4.7,Windy,Jam,1,Snack,bicycle,0,1,Semi-Urban,24.0,16.368369640858596,10.0,19
0x6768,BANGRES07DEL01,30,4.5,Windy,Medium,2,Buffet,bicycle,0,1,Semi-Urban,25.0,6.210069011405746,10.0,16
0xc8f3,KNPRES12DEL03,34,5.0,Stormy,Low,2,Meal,scooter,0,1,Semi-Urban,25.0,13.427981831457974,15.0,23
0x9781,HYDRES01DEL03,26,4.7,Stormy,Jam,1,Buffet,scooter,1,1,Semi-Urban,26.0,13.830779932927063,10.0,21
0xad1f,BANGRES12DEL01,27,4.6,Windy,Medium,0,Meal,scooter,0,1,Semi-Urban,25.0,10.868130915669623,5.0,18
0x2631,JAPRES01DEL03,38,4.5,Windy,Low,2,Drinks,bicycle,0,1,Semi-Urban,21.0,4.46931202175492,5.0,22
0x1985,VADRES03DEL01,39,4.9,Stormy,Low,1,Snack,scooter,0,1,Semi-Urban,25.0,10.60216485230212,5.0,22
0xcda6,KOLRES17DEL02,29,4.9,Windy,Low,1,Buffet,scooter,1,1,Semi-Urban,11.0,7.566949319257016,5.0,23
0xcbc3,ALHRES12DEL02,27,4.5,Windy,Low,0,Meal,scooter,0,1,Semi-Urban,18.0,11.98391053513802,15.0,23
0xa9c0,HYDRES11DEL01,38,5.0,Stormy,Medium,2,Drinks,bicycle,1,1,Semi-Urban,31.0,6.147092755626801,15.0,15
0x9ed6,INDORES19DEL02,32,4.8,Windy,Jam,2,Drinks,scooter,1,1,Semi-Urban,28.0,7.562478890452318,10.0,21
0x988c,MUMRES06DEL03,29,4.8,Cloudy,Jam,0,Snack,scooter,1,1,Semi-Urban,36.0,13.768718508386597,15.0,21
0xb3d,RANCHIRES05DEL01,24,4.9,Cloudy,Jam,0,Meal,scooter,2,1,Semi-Urban,42.0,10.565128845647761,15.0,21
0x8e98,COIMBRES09DEL03,38,4.0,Stormy,Low,0,Buffet,scooter,1,1,Semi-Urban,27.0,9.348325936764454,5.0,23
0xa81a,CHENRES19DEL03,33,4.1,Sandstorms,Jam,0,Drinks,scooter,1,1,Semi-Urban,32.0,9.314781588433535,5.0,19
0x2cf8,HYDRES18DEL03,39,4.5,Stormy,Medium,2,Buffet,bicycle,1,1,Semi-Urban,37.0,13.829314445199353,15.0,17
0x44ae,PUNERES09DEL02,32,4.9,Windy,Low,0,Snack,scooter,0,1,Metropolitian,24.0,19.916122613819716,10.0,23
0x2b6b,SURRES12DEL01,26,4.2,Fog,High,1,Drinks,bicycle,1,1,Semi-Urban,31.0,6.080949025950904,15.0,13
0xc0e7,AGRRES11DEL01,34,4.6,Sunny,High,0,Drinks,scooter,1,1,Semi-Urban,28.0,5.9529046136306,10.0,12
0x3af7,MUMRES02DEL02,24,4.7,Sandstorms,Medium,2,Drinks,motorcycle,0,1,Semi-Urban,23.0,19.877584031408645,5.0,17
0xa1c7,RANCHIRES19DEL03,24,5.0,Sandstorms,Jam,2,Buffet,scooter,1,1,Semi-Urban,29.0,13.584306064167167,15.0,19
0xa99c,CHENRES09DEL03,21,4.9,Cloudy,Jam,0,Buffet,scooter,2,1,Metropolitian,47.0,13.97014466545326,15.0,19
0xa884,CHENRES14DEL03,22,4.6,Fog,Jam,0,Drinks,scooter,0,1,Semi-Urban,47.0,13.970652591255588,10.0,19
0x451e,HYDRES06DEL02,26,4.5,Sandstorms,Low,1,Drinks,scooter,1,1,Semi-Urban,17.0,3.0734222587643045,10.0,8
0x1db5,MYSRES06DEL03,35,4.5,Fog,Jam,2,Buffet,motorcycle,1,1,Semi-Urban,27.0,4.663432062512584,5.0,21
0x7de7,JAPRES03DEL02,36,4.6,Windy,Medium,1,Drinks,bicycle,1,1,Metropolitian,30.0,19.362580183465894,5.0,17
0x6fa7,JAPRES01DEL02,29,4.7,Fog,Jam,0,Buffet,scooter,1,1,Metropolitian,23.0,7.448560816474598,15.0,21
0x90e5,INDORES02DEL03,29,4.5,Windy,Medium,0,Drinks,scooter,1,1,Semi-Urban,27.0,9.077679565695691,10.0,17
0x6408,JAPRES07DEL03,22,4.6,Sunny,Medium,1,Meal,bicycle,1,1,Semi-Urban,16.0,4.471739409979227,15.0,18
0xdc34,AGRRES18DEL03,24,4.8,Cloudy,Medium,1,Buffet,bicycle,1,1,Semi-Urban,13.0,4.464795317864735,5.0,18
0x7af,MYSRES02DEL01,36,4.8,Fog,Medium,0,Meal,scooter,1,1,Semi-Urban,29.0,6.218076509100711,15.0,16
0x5905,INDORES19DEL01,20,4.7,Sunny,Medium,1,Snack,scooter,1,1,Metropolitian,15.0,16.635770753608572,15.0,17
0x467f,CHENRES05DEL02,28,4.8,Fog,Low,0,Meal,scooter,1,1,Semi-Urban,21.0,3.104605953841284,5.0,8
0x6d3,PUNERES15DEL01,25,4.7,Windy,Jam,0,Meal,scooter,2,1,Semi-Urban,38.0,10.721987300671117,5.0,21
0x43f0,CHENRES09DEL01,26,4.7,Cloudy,High,1,Buffet,scooter,1,1,Semi-Urban,29.0,1.5523608800116515,5.0,11
0xb5f5,MYSRES20DEL02,31,4.8,Stormy,Jam,2,Meal,bicycle,1,1,Semi-Urban,27.0,7.772038818805718,15.0,19
0x5fdf,INDORES14DEL01,22,4.8,Fog,Low,1,Buffet,bicycle,0,1,Semi-Urban,22.0,10.586541004121504,5.0,0
0x7f0,RANCHIRES04DEL02,27,4.5,Windy,Low,0,Buffet,scooter,0,1,Semi-Urban,22.0,3.0188284633848217,15.0,10
0xa874,HYDRES16DEL01,20,4.9,Stormy,Medium,0,Snack,scooter,0,1,Semi-Urban,19.0,6.146925931738804,15.0,15
0xb738,PUNERES03DEL03,23,4.7,Cloudy,Low,0,Drinks,scooter,1,1,Semi-Urban,23.0,4.596439723177665,5.0,22
0x4bbc,MUMRES16DEL02,38,4.1,Windy,Low,0,Meal,scooter,1,1,Metropolitian,21.0,7.648322354566645,10.0,23
0x9b29,JAPRES02DEL01,36,4.9,Sandstorms,High,2,Drinks,bicycle,1,1,Semi-Urban,31.0,5.9587562421893265,10.0,13
0x4306,JAPRES09DEL01,29,4.8,Sandstorms,Medium,0,Meal,scooter,1,1,Semi-Urban,30.0,10.42732189063304,10.0,18
0xd7f9,KOLRES19DEL03,33,4.8,Fog,Jam,1,Drinks,scooter,1,1,Semi-Urban,32.0,4.5406285313715085,15.0,19
0xa092,JAPRES13DEL03,29,4.9,Windy,Medium,1,Drinks,bicycle,0,1,Semi-Urban,29.0,8.940167719841355,5.0,19
0x9cd3,COIMBRES18DEL02,26,4.9,Sandstorms,Medium,1,Buffet,bicycle,1,1,Metropolitian,28.0,7.790177003822013,10.0,18
0x187e,COIMBRES01DEL02,22,4.8,Cloudy,Low,1,Snack,scooter,0,1,Semi-Urban,18.0,3.1161729217943797,15.0,10
0x14a3,SURRES20DEL01,21,4.9,Windy,Medium,2,Drinks,scooter,1,1,Semi-Urban,20.0,6.08153593718375,5.0,15
0xd983,GOARES16DEL01,20,4.9,Stormy,Low,2,Snack,bicycle,1,1,Semi-Urban,11.0,16.984098986960163,10.0,22
0x605e,PUNERES17DEL03,37,5.0,Windy,Medium,0,Meal,scooter,2,1,Metropolitian,35.0,4.596738270616882,5.0,18
0xcb1d,AGRRES12DEL02,35,5.0,Sandstorms,Low,2,Snack,scooter,0,1,Metropolitian,28.0,7.440930174365867,15.0,23
0x325a,INDORES09DEL02,29,4.9,Sunny,Low,1,Meal,scooter,1,1,Metropolitian,16.0,3.025344768407918,15.0,10
0x6474,BANGRES06DEL03,29,4.9,Stormy,Jam,1,Snack,bicycle,0,1,Semi-Urban,21.0,13.971950882978046,5.0,20
0x8282,SURRES010DEL02,28,5.0,Windy,Jam,1,Drinks,scooter,1,1,Semi-Urban,21.0,12.161605446010208,15.0,21
0x92c2,MUMRES010DEL03,24,4.9,Stormy,Low,0,Meal,scooter,1,1,Semi-Urban,17.0,13.77076958377127,10.0,22
0x1e4e,CHENRES17DEL01,28,4.7,Sunny,Low,1,Meal,bicycle,1,1,Semi-Urban,17.0,1.5523584795777219,5.0,9
0xb8ff,JAPRES14DEL02,30,5.0,Cloudy,Medium,1,Buffet,scooter,1,1,Semi-Urban,31.0,19.364487993280896,10.0,17
0x170f,CHENRES07DEL02,37,4.9,Windy,Low,2,Buffet,bicycle,1,1,Semi-Urban,25.0,3.104463374954771,5.0,8
0x1e0d,CHENRES04DEL01,26,4.7,Sandstorms,Low,2,Drinks,bicycle,1,1,Semi-Urban,14.0,10.866202682035912,15.0,22
0x2ae9,JAPRES19DEL01,30,4.2,Windy,High,0,Snack,scooter,0,1,Semi-Urban,32.0,5.958831946914462,5.0,14
0x8b01,VADRES06DEL01,33,4.7,Cloudy,Jam,0,Buffet,scooter,2,2,Semi-Urban,43.0,16.659838319169715,5.0,20
0x7d4d,HYDRES04DEL03,29,4.9,Sandstorms,Medium,2,Drinks,bicycle,1,1,Semi-Urban,23.0,4.610613705052656,10.0,17
0xb40c,PUNERES12DEL01,31,4.6,Sunny,High,0,Meal,scooter,1,1,Semi-Urban,25.0,6.129085334979291,10.0,12
0x9ed4,HYDRES010DEL01,26,4.6,Sunny,Medium,2,Drinks,motorcycle,1,1,Semi-Urban,11.0,6.147127365910596,15.0,16
0x4607,INDORES13DEL02,37,4.9,Sunny,High,2,Snack,scooter,0,1,Metropolitian,24.0,3.0251492856775037,15.0,11
0xb379_y,BANGRES18DEL02,34,4.5,Stormy,Jam,2,Snack,bicycle,1,1,Semi-Urban,33.0,20.183529728733618,5.0,19
0x20f7_y,BANGRES18DEL01,37,4.4,Windy,High,0,Buffet,scooter,2,1,Semi-Urban,42.0,6.21086415606354,5.0,13
0x7804_y,HYDRES13DEL02,28,4.9,Sandstorms,Low,1,Meal,bicycle,1,1,Metropolitian,19.0,3.0736184684147863,15.0,11
0x7faf_y,RANCHIRES07DEL01,37,4.6,Stormy,Low,0,Meal,scooter,1,1,Semi-Urban,25.0,10.56497410160339,10.0,23
0x5218_y,BANGRES02DEL02,20,4.7,Sunny,Medium,1,Drinks,bicycle,0,1,Semi-Urban,14.0,20.18126391655723,10.0,18
0xcafe_y,ALHRES13DEL02,32,4.8,Stormy,Low,2,Buffet,bicycle,1,1,Metropolitian,29.0,19.471476176410082,10.0,22
0x8c03_y,COIMBRES09DEL01,34,5.0,Sandstorms,Medium,1,Buffet,scooter,1,1,Metropolitian,22.0,10.90628903651029,15.0,18
0xceec_y,KNPRES04DEL03,37,4.6,Fog,Medium,0,Buffet,scooter,1,1,Semi-Urban,28.0,4.476870823146776,10.0,17
0x38c6_x,JAPRES11DEL01,24,4.8,Windy,High,2,Meal,motorcycle,0,1,Metropolitian,12.0,5.959018323622379,5.0,13
